id,owner,name,pipeline_tag,tags,downloads,likes,created_at,last_modified,license,hf_url,source_query,collection_ts_utc,readme_text,why_included,base_id_guess,reg_scopes,cv_ocr_flag,decision,why_rejected
buerokratt/ner_gdpr,buerokratt,ner_gdpr,token-classification,"[""transformers"", ""pytorch"", ""bert"", ""token-classification"", ""autotrain_compatible"", ""endpoints_compatible"", ""region:us""]",5,0,2022-12-19 11:27:35+00:00,2022-12-19 11:29:12+00:00,,https://huggingface.co/buerokratt/ner_gdpr,GDPR,2025-09-03T14:05:00Z,,strong-signal query hit,buerokratt/ner_gdpr,,False,reject,empty_readme
PaDaS-Lab/gdpr-privacy-policy-ner,PaDaS-Lab,gdpr-privacy-policy-ner,token-classification,"[""transformers"", ""pytorch"", ""tf"", ""safetensors"", ""bert"", ""token-classification"", ""license:mit"", ""autotrain_compatible"", ""endpoints_compatible"", ""region:us""]",728,4,2023-07-05 12:35:56+00:00,2024-06-30 15:17:15+00:00,,https://huggingface.co/PaDaS-Lab/gdpr-privacy-policy-ner,GDPR,2025-09-03T14:05:01Z,,strong-signal query hit,PaDaS-Lab/gdpr-privacy-policy-ner,GDPR,False,reject,empty_readme
AI-aktindsigt/gdpr_anonymiseingsmodel_ganm,AI-aktindsigt,gdpr_anonymiseingsmodel_ganm,token-classification,"[""transformers"", ""pytorch"", ""bert"", ""token-classification"", ""arxiv:2110.05679"", ""autotrain_compatible"", ""endpoints_compatible"", ""region:us""]",7,1,2023-11-29 14:59:02+00:00,2023-11-30 11:13:01+00:00,,https://huggingface.co/AI-aktindsigt/gdpr_anonymiseingsmodel_ganm,GDPR,2025-09-03T14:05:01Z,,strong-signal query hit,AI-aktindsigt/gdpr_anonymiseingsmodel_ganm,,False,reject,empty_readme
JinuAugustine/llama-2-7b-chat-gdpr,JinuAugustine,llama-2-7b-chat-gdpr,text-generation,"[""transformers"", ""pytorch"", ""safetensors"", ""llama"", ""text-generation"", ""autotrain_compatible"", ""text-generation-inference"", ""endpoints_compatible"", ""region:us""]",6,0,2024-01-29 03:40:58+00:00,2025-01-02 22:06:34+00:00,,https://huggingface.co/JinuAugustine/llama-2-7b-chat-gdpr,GDPR,2025-09-03T14:05:01Z,,strong-signal query hit,JinuAugustine/llama-2-7b-chat-gdpr,GDPR,False,reject,empty_readme
JinuAugustine/phi2-gdpr,JinuAugustine,phi2-gdpr,text-generation,"[""transformers"", ""safetensors"", ""phi"", ""text-generation"", ""custom_code"", ""arxiv:1910.09700"", ""autotrain_compatible"", ""text-generation-inference"", ""endpoints_compatible"", ""region:us""]",4,0,2024-02-10 21:37:17+00:00,2024-02-10 21:47:08+00:00,,https://huggingface.co/JinuAugustine/phi2-gdpr,GDPR,2025-09-03T14:05:01Z,,strong-signal query hit,JinuAugustine/phi2-gdpr,GDPR,False,reject,empty_readme
AbstractPerspective/Phi-2_GDPR_3,AbstractPerspective,Phi-2_GDPR_3,text-generation,"[""transformers"", ""safetensors"", ""phi"", ""text-generation"", ""custom_code"", ""arxiv:1910.09700"", ""autotrain_compatible"", ""text-generation-inference"", ""endpoints_compatible"", ""region:us""]",3,0,2024-02-20 08:31:05+00:00,2024-02-20 08:37:21+00:00,,https://huggingface.co/AbstractPerspective/Phi-2_GDPR_3,GDPR,2025-09-03T14:05:01Z,,strong-signal query hit,AbstractPerspective/Phi-2_GDPR_3,,False,reject,empty_readme
AbstractPerspective/Phi-2_GDPR_Mix_SLERP,AbstractPerspective,Phi-2_GDPR_Mix_SLERP,text-generation,"[""transformers"", ""safetensors"", ""phi"", ""text-generation"", ""custom_code"", ""arxiv:1910.09700"", ""autotrain_compatible"", ""text-generation-inference"", ""endpoints_compatible"", ""region:us""]",4,0,2024-02-22 13:56:02+00:00,2024-02-22 13:58:37+00:00,,https://huggingface.co/AbstractPerspective/Phi-2_GDPR_Mix_SLERP,GDPR,2025-09-03T14:05:02Z,,strong-signal query hit,AbstractPerspective/Phi-2_GDPR_Mix_SLERP,,False,reject,empty_readme
ibunescu/phi-2_GDPR_4,ibunescu,phi-2_GDPR_4,text-generation,"[""transformers"", ""safetensors"", ""phi"", ""text-generation"", ""custom_code"", ""arxiv:1910.09700"", ""autotrain_compatible"", ""text-generation-inference"", ""endpoints_compatible"", ""region:us""]",4,0,2024-02-22 14:55:30+00:00,2024-02-22 14:58:11+00:00,,https://huggingface.co/ibunescu/phi-2_GDPR_4,GDPR,2025-09-03T14:05:02Z,,strong-signal query hit,ibunescu/phi-2_GDPR_4,,False,reject,empty_readme
AbstractPerspective/Phi-2_GDPR_Mix_TIES,AbstractPerspective,Phi-2_GDPR_Mix_TIES,text-generation,"[""transformers"", ""safetensors"", ""phi"", ""text-generation"", ""custom_code"", ""arxiv:1910.09700"", ""autotrain_compatible"", ""text-generation-inference"", ""endpoints_compatible"", ""region:us""]",4,0,2024-02-22 15:26:33+00:00,2024-02-22 15:29:20+00:00,,https://huggingface.co/AbstractPerspective/Phi-2_GDPR_Mix_TIES,GDPR,2025-09-03T14:05:02Z,,strong-signal query hit,AbstractPerspective/Phi-2_GDPR_Mix_TIES,,False,reject,empty_readme
ibunescu/Phi-2_GDPR_4_2e,ibunescu,Phi-2_GDPR_4_2e,text-generation,"[""transformers"", ""safetensors"", ""phi"", ""text-generation"", ""custom_code"", ""arxiv:1910.09700"", ""autotrain_compatible"", ""text-generation-inference"", ""endpoints_compatible"", ""region:us""]",10,0,2024-02-23 09:02:30+00:00,2024-02-23 16:09:21+00:00,,https://huggingface.co/ibunescu/Phi-2_GDPR_4_2e,GDPR,2025-09-03T14:05:02Z,,strong-signal query hit,ibunescu/Phi-2_GDPR_4_2e,,False,reject,empty_readme
ibunescu/Phi-2_GDPR_4_3e,ibunescu,Phi-2_GDPR_4_3e,text-generation,"[""transformers"", ""safetensors"", ""phi"", ""text-generation"", ""custom_code"", ""arxiv:1910.09700"", ""autotrain_compatible"", ""text-generation-inference"", ""endpoints_compatible"", ""region:us""]",4,0,2024-02-23 12:43:29+00:00,2024-02-23 16:14:20+00:00,,https://huggingface.co/ibunescu/Phi-2_GDPR_4_3e,GDPR,2025-09-03T14:05:02Z,,strong-signal query hit,ibunescu/Phi-2_GDPR_4_3e,,False,reject,empty_readme
ibunescu/Phi-2_GDPR_4_10e,ibunescu,Phi-2_GDPR_4_10e,text-generation,"[""transformers"", ""safetensors"", ""phi"", ""text-generation"", ""custom_code"", ""arxiv:1910.09700"", ""autotrain_compatible"", ""text-generation-inference"", ""endpoints_compatible"", ""region:us""]",4,0,2024-02-23 15:50:14+00:00,2024-02-23 15:53:19+00:00,,https://huggingface.co/ibunescu/Phi-2_GDPR_4_10e,GDPR,2025-09-03T14:05:03Z,,strong-signal query hit,ibunescu/Phi-2_GDPR_4_10e,,False,reject,empty_readme
ibunescu/Phi-2_GDPR_4_4e,ibunescu,Phi-2_GDPR_4_4e,text-generation,"[""transformers"", ""safetensors"", ""phi"", ""text-generation"", ""custom_code"", ""arxiv:1910.09700"", ""autotrain_compatible"", ""text-generation-inference"", ""endpoints_compatible"", ""region:us""]",4,0,2024-02-23 16:15:40+00:00,2024-02-23 16:19:31+00:00,,https://huggingface.co/ibunescu/Phi-2_GDPR_4_4e,GDPR,2025-09-03T14:05:03Z,,strong-signal query hit,ibunescu/Phi-2_GDPR_4_4e,,False,reject,empty_readme
ibunescu/Phi-2_GDPR_4_5e,ibunescu,Phi-2_GDPR_4_5e,text-generation,"[""transformers"", ""safetensors"", ""phi"", ""text-generation"", ""custom_code"", ""arxiv:1910.09700"", ""autotrain_compatible"", ""text-generation-inference"", ""endpoints_compatible"", ""region:us""]",4,0,2024-02-23 16:20:46+00:00,2024-02-23 16:24:46+00:00,,https://huggingface.co/ibunescu/Phi-2_GDPR_4_5e,GDPR,2025-09-03T14:05:03Z,,strong-signal query hit,ibunescu/Phi-2_GDPR_4_5e,,False,reject,empty_readme
ibunescu/Phi-2_GDPR_4_6e,ibunescu,Phi-2_GDPR_4_6e,text-generation,"[""transformers"", ""safetensors"", ""phi"", ""text-generation"", ""custom_code"", ""arxiv:1910.09700"", ""autotrain_compatible"", ""text-generation-inference"", ""endpoints_compatible"", ""region:us""]",4,0,2024-02-23 16:25:23+00:00,2024-02-23 16:29:07+00:00,,https://huggingface.co/ibunescu/Phi-2_GDPR_4_6e,GDPR,2025-09-03T14:05:03Z,,strong-signal query hit,ibunescu/Phi-2_GDPR_4_6e,,False,reject,empty_readme
ibunescu/Phi-2_GDPR_4_7e,ibunescu,Phi-2_GDPR_4_7e,text-generation,"[""transformers"", ""safetensors"", ""phi"", ""text-generation"", ""custom_code"", ""arxiv:1910.09700"", ""autotrain_compatible"", ""text-generation-inference"", ""endpoints_compatible"", ""region:us""]",4,0,2024-02-23 16:29:35+00:00,2024-02-23 16:33:28+00:00,,https://huggingface.co/ibunescu/Phi-2_GDPR_4_7e,GDPR,2025-09-03T14:05:03Z,,strong-signal query hit,ibunescu/Phi-2_GDPR_4_7e,,False,reject,empty_readme
ibunescu/Phi-2_GDPR_4_8e,ibunescu,Phi-2_GDPR_4_8e,text-generation,"[""transformers"", ""safetensors"", ""phi"", ""text-generation"", ""custom_code"", ""arxiv:1910.09700"", ""autotrain_compatible"", ""text-generation-inference"", ""endpoints_compatible"", ""region:us""]",4,0,2024-02-23 16:34:06+00:00,2024-02-23 16:37:42+00:00,,https://huggingface.co/ibunescu/Phi-2_GDPR_4_8e,GDPR,2025-09-03T14:05:04Z,,strong-signal query hit,ibunescu/Phi-2_GDPR_4_8e,,False,reject,empty_readme
ibunescu/Phi-2_GDPR_4_9e,ibunescu,Phi-2_GDPR_4_9e,text-generation,"[""transformers"", ""safetensors"", ""phi"", ""text-generation"", ""custom_code"", ""arxiv:1910.09700"", ""autotrain_compatible"", ""text-generation-inference"", ""endpoints_compatible"", ""region:us""]",4,0,2024-02-23 16:38:20+00:00,2024-02-23 16:42:08+00:00,,https://huggingface.co/ibunescu/Phi-2_GDPR_4_9e,GDPR,2025-09-03T14:05:04Z,,strong-signal query hit,ibunescu/Phi-2_GDPR_4_9e,,False,reject,empty_readme
ibunescu/Phi-2_GDPR_4_10e_adapter,ibunescu,Phi-2_GDPR_4_10e_adapter,,"[""transformers"", ""safetensors"", ""arxiv:1910.09700"", ""endpoints_compatible"", ""region:us""]",0,0,2024-02-23 16:42:17+00:00,2024-02-23 16:42:45+00:00,,https://huggingface.co/ibunescu/Phi-2_GDPR_4_10e_adapter,GDPR,2025-09-03T14:05:04Z,,strong-signal query hit,ibunescu/Phi-2_GDPR_4_10e_adapter,,False,reject,empty_readme
AbstractPerspective/Phi-2_GDPR_Mix_DARE,AbstractPerspective,Phi-2_GDPR_Mix_DARE,text-generation,"[""transformers"", ""safetensors"", ""phi"", ""text-generation"", ""custom_code"", ""arxiv:1910.09700"", ""autotrain_compatible"", ""text-generation-inference"", ""endpoints_compatible"", ""region:us""]",4,0,2024-02-24 12:20:43+00:00,2024-02-24 12:24:46+00:00,,https://huggingface.co/AbstractPerspective/Phi-2_GDPR_Mix_DARE,GDPR,2025-09-03T14:05:04Z,,strong-signal query hit,AbstractPerspective/Phi-2_GDPR_Mix_DARE,,False,reject,empty_readme
AbstractPerspective/Phi-2_GDPR_Mix_Linear,AbstractPerspective,Phi-2_GDPR_Mix_Linear,text-generation,"[""transformers"", ""safetensors"", ""phi"", ""text-generation"", ""custom_code"", ""arxiv:1910.09700"", ""autotrain_compatible"", ""text-generation-inference"", ""endpoints_compatible"", ""region:us""]",3,0,2024-02-26 09:37:07+00:00,2024-02-26 09:40:27+00:00,,https://huggingface.co/AbstractPerspective/Phi-2_GDPR_Mix_Linear,GDPR,2025-09-03T14:05:04Z,,strong-signal query hit,AbstractPerspective/Phi-2_GDPR_Mix_Linear,,False,reject,empty_readme
ibunescu/Phi-2_GDPR_5_3e_adapter,ibunescu,Phi-2_GDPR_5_3e_adapter,,"[""transformers"", ""safetensors"", ""arxiv:1910.09700"", ""endpoints_compatible"", ""region:us""]",0,0,2024-02-26 11:27:56+00:00,2024-02-26 11:28:33+00:00,,https://huggingface.co/ibunescu/Phi-2_GDPR_5_3e_adapter,GDPR,2025-09-03T14:05:05Z,,strong-signal query hit,ibunescu/Phi-2_GDPR_5_3e_adapter,,False,reject,empty_readme
ibunescu/Phi-2_GDPR_5_3e,ibunescu,Phi-2_GDPR_5_3e,text-generation,"[""transformers"", ""safetensors"", ""phi"", ""text-generation"", ""custom_code"", ""arxiv:1910.09700"", ""autotrain_compatible"", ""text-generation-inference"", ""endpoints_compatible"", ""region:us""]",4,0,2024-02-26 11:29:38+00:00,2024-02-26 11:33:12+00:00,,https://huggingface.co/ibunescu/Phi-2_GDPR_5_3e,GDPR,2025-09-03T14:05:05Z,,strong-signal query hit,ibunescu/Phi-2_GDPR_5_3e,,False,reject,empty_readme
ibunescu/Phi-2_GDPR_6_3e_adapter,ibunescu,Phi-2_GDPR_6_3e_adapter,,"[""transformers"", ""safetensors"", ""arxiv:1910.09700"", ""endpoints_compatible"", ""region:us""]",0,0,2024-02-26 15:22:48+00:00,2024-02-26 15:23:07+00:00,,https://huggingface.co/ibunescu/Phi-2_GDPR_6_3e_adapter,GDPR,2025-09-03T14:05:07Z,,strong-signal query hit,ibunescu/Phi-2_GDPR_6_3e_adapter,,False,reject,empty_readme
ibunescu/Phi-2_GDPR_6_3e,ibunescu,Phi-2_GDPR_6_3e,text-generation,"[""transformers"", ""safetensors"", ""phi"", ""text-generation"", ""custom_code"", ""arxiv:1910.09700"", ""autotrain_compatible"", ""text-generation-inference"", ""endpoints_compatible"", ""region:us""]",4,0,2024-02-26 15:23:29+00:00,2024-02-26 15:26:26+00:00,,https://huggingface.co/ibunescu/Phi-2_GDPR_6_3e,GDPR,2025-09-03T14:05:07Z,,strong-signal query hit,ibunescu/Phi-2_GDPR_6_3e,,False,reject,empty_readme
ibunescu/Phi-2_GDPR_7_3e_adapter,ibunescu,Phi-2_GDPR_7_3e_adapter,,"[""transformers"", ""safetensors"", ""arxiv:1910.09700"", ""endpoints_compatible"", ""region:us""]",0,0,2024-02-26 17:27:07+00:00,2024-02-26 17:27:29+00:00,,https://huggingface.co/ibunescu/Phi-2_GDPR_7_3e_adapter,GDPR,2025-09-03T14:05:07Z,,strong-signal query hit,ibunescu/Phi-2_GDPR_7_3e_adapter,,False,reject,empty_readme
ibunescu/Phi-2_GDPR_7_3e,ibunescu,Phi-2_GDPR_7_3e,text-generation,"[""transformers"", ""safetensors"", ""phi"", ""text-generation"", ""custom_code"", ""arxiv:1910.09700"", ""autotrain_compatible"", ""text-generation-inference"", ""endpoints_compatible"", ""region:us""]",4,0,2024-02-26 17:27:49+00:00,2024-02-26 17:30:49+00:00,,https://huggingface.co/ibunescu/Phi-2_GDPR_7_3e,GDPR,2025-09-03T14:05:08Z,,strong-signal query hit,ibunescu/Phi-2_GDPR_7_3e,,False,reject,empty_readme
ibunescu/Phi-2_GDPR_6_7e,ibunescu,Phi-2_GDPR_6_7e,,"[""transformers"", ""arxiv:1910.09700"", ""endpoints_compatible"", ""region:us""]",0,0,2024-02-26 17:30:54+00:00,2024-02-26 17:30:57+00:00,,https://huggingface.co/ibunescu/Phi-2_GDPR_6_7e,GDPR,2025-09-03T14:05:08Z,,strong-signal query hit,ibunescu/Phi-2_GDPR_6_7e,,False,reject,empty_readme
ibunescu/Phi-2_GDPR_8_3e_adapter,ibunescu,Phi-2_GDPR_8_3e_adapter,,"[""transformers"", ""safetensors"", ""arxiv:1910.09700"", ""endpoints_compatible"", ""region:us""]",0,0,2024-02-27 08:38:42+00:00,2024-02-27 08:39:04+00:00,,https://huggingface.co/ibunescu/Phi-2_GDPR_8_3e_adapter,GDPR,2025-09-03T14:05:08Z,,strong-signal query hit,ibunescu/Phi-2_GDPR_8_3e_adapter,,False,reject,empty_readme
ibunescu/Phi-2_GDPR_8_3e,ibunescu,Phi-2_GDPR_8_3e,text-generation,"[""transformers"", ""safetensors"", ""phi"", ""text-generation"", ""custom_code"", ""arxiv:1910.09700"", ""autotrain_compatible"", ""text-generation-inference"", ""endpoints_compatible"", ""region:us""]",4,0,2024-02-27 08:39:33+00:00,2024-02-27 08:42:19+00:00,,https://huggingface.co/ibunescu/Phi-2_GDPR_8_3e,GDPR,2025-09-03T14:05:08Z,,strong-signal query hit,ibunescu/Phi-2_GDPR_8_3e,,False,reject,empty_readme
ibunescu/Phi-2_GDPR_8_7e,ibunescu,Phi-2_GDPR_8_7e,,"[""transformers"", ""arxiv:1910.09700"", ""endpoints_compatible"", ""region:us""]",0,0,2024-02-27 08:42:23+00:00,2024-02-27 08:42:25+00:00,,https://huggingface.co/ibunescu/Phi-2_GDPR_8_7e,GDPR,2025-09-03T14:05:09Z,,strong-signal query hit,ibunescu/Phi-2_GDPR_8_7e,,False,reject,empty_readme
ibunescu/Phi-2_GDPR_9_3e_adapter,ibunescu,Phi-2_GDPR_9_3e_adapter,,"[""transformers"", ""safetensors"", ""arxiv:1910.09700"", ""endpoints_compatible"", ""region:us""]",0,0,2024-02-27 11:09:12+00:00,2024-02-27 12:57:51+00:00,,https://huggingface.co/ibunescu/Phi-2_GDPR_9_3e_adapter,GDPR,2025-09-03T14:05:09Z,,strong-signal query hit,ibunescu/Phi-2_GDPR_9_3e_adapter,,False,reject,empty_readme
ibunescu/Phi-2_GDPR_9_3e,ibunescu,Phi-2_GDPR_9_3e,text-generation,"[""transformers"", ""safetensors"", ""phi"", ""text-generation"", ""custom_code"", ""arxiv:1910.09700"", ""autotrain_compatible"", ""text-generation-inference"", ""endpoints_compatible"", ""region:us""]",4,0,2024-02-27 11:13:37+00:00,2024-02-27 11:17:10+00:00,,https://huggingface.co/ibunescu/Phi-2_GDPR_9_3e,GDPR,2025-09-03T14:05:09Z,,strong-signal query hit,ibunescu/Phi-2_GDPR_9_3e,,False,reject,empty_readme
ibunescu/Phi-2_GDPR_10_3e,ibunescu,Phi-2_GDPR_10_3e,text-generation,"[""transformers"", ""safetensors"", ""phi"", ""text-generation"", ""custom_code"", ""arxiv:1910.09700"", ""autotrain_compatible"", ""text-generation-inference"", ""endpoints_compatible"", ""region:us""]",4,0,2024-02-27 12:59:26+00:00,2024-02-27 13:03:12+00:00,,https://huggingface.co/ibunescu/Phi-2_GDPR_10_3e,GDPR,2025-09-03T14:05:09Z,,strong-signal query hit,ibunescu/Phi-2_GDPR_10_3e,,False,reject,empty_readme
ibunescu/Phi-2_GDPR_11_3e_adapter,ibunescu,Phi-2_GDPR_11_3e_adapter,,"[""transformers"", ""safetensors"", ""arxiv:1910.09700"", ""endpoints_compatible"", ""region:us""]",0,0,2024-02-27 14:27:18+00:00,2024-02-27 14:27:46+00:00,,https://huggingface.co/ibunescu/Phi-2_GDPR_11_3e_adapter,GDPR,2025-09-03T14:05:09Z,,strong-signal query hit,ibunescu/Phi-2_GDPR_11_3e_adapter,,False,reject,empty_readme
ibunescu/Phi-2_GDPR_11_3e,ibunescu,Phi-2_GDPR_11_3e,text-generation,"[""transformers"", ""safetensors"", ""phi"", ""text-generation"", ""custom_code"", ""arxiv:1910.09700"", ""autotrain_compatible"", ""text-generation-inference"", ""endpoints_compatible"", ""region:us""]",4,0,2024-02-27 14:28:06+00:00,2024-02-27 14:31:12+00:00,,https://huggingface.co/ibunescu/Phi-2_GDPR_11_3e,GDPR,2025-09-03T14:05:10Z,,strong-signal query hit,ibunescu/Phi-2_GDPR_11_3e,,False,reject,empty_readme
ibunescu/Phi-2_GDPR_12_3e_adapter,ibunescu,Phi-2_GDPR_12_3e_adapter,,"[""transformers"", ""safetensors"", ""arxiv:1910.09700"", ""endpoints_compatible"", ""region:us""]",0,0,2024-02-27 15:54:35+00:00,2024-02-27 15:54:58+00:00,,https://huggingface.co/ibunescu/Phi-2_GDPR_12_3e_adapter,GDPR,2025-09-03T14:05:10Z,,strong-signal query hit,ibunescu/Phi-2_GDPR_12_3e_adapter,,False,reject,empty_readme
ibunescu/Phi-2_GDPR_12_3e,ibunescu,Phi-2_GDPR_12_3e,text-generation,"[""transformers"", ""safetensors"", ""phi"", ""text-generation"", ""custom_code"", ""arxiv:1910.09700"", ""autotrain_compatible"", ""text-generation-inference"", ""endpoints_compatible"", ""region:us""]",4,0,2024-02-27 15:55:28+00:00,2024-02-27 15:58:24+00:00,,https://huggingface.co/ibunescu/Phi-2_GDPR_12_3e,GDPR,2025-09-03T14:05:10Z,,strong-signal query hit,ibunescu/Phi-2_GDPR_12_3e,,False,reject,empty_readme
ibunescu/Phi-2_GDPR_13_3e_adapter,ibunescu,Phi-2_GDPR_13_3e_adapter,,"[""transformers"", ""safetensors"", ""arxiv:1910.09700"", ""endpoints_compatible"", ""region:us""]",0,0,2024-02-27 17:32:41+00:00,2024-02-27 17:33:03+00:00,,https://huggingface.co/ibunescu/Phi-2_GDPR_13_3e_adapter,GDPR,2025-09-03T14:05:10Z,,strong-signal query hit,ibunescu/Phi-2_GDPR_13_3e_adapter,,False,reject,empty_readme
ibunescu/Phi-2_GDPR_13_3e,ibunescu,Phi-2_GDPR_13_3e,text-generation,"[""transformers"", ""safetensors"", ""phi"", ""text-generation"", ""custom_code"", ""arxiv:1910.09700"", ""autotrain_compatible"", ""text-generation-inference"", ""endpoints_compatible"", ""region:us""]",4,0,2024-02-27 17:33:21+00:00,2024-02-27 17:36:34+00:00,,https://huggingface.co/ibunescu/Phi-2_GDPR_13_3e,GDPR,2025-09-03T14:05:10Z,,strong-signal query hit,ibunescu/Phi-2_GDPR_13_3e,,False,reject,empty_readme
ibunescu/Phi-2_GDPR_15_10e_adapter,ibunescu,Phi-2_GDPR_15_10e_adapter,,"[""transformers"", ""safetensors"", ""arxiv:1910.09700"", ""endpoints_compatible"", ""region:us""]",0,0,2024-02-27 20:42:38+00:00,2024-02-28 10:55:46+00:00,,https://huggingface.co/ibunescu/Phi-2_GDPR_15_10e_adapter,GDPR,2025-09-03T14:05:11Z,,strong-signal query hit,ibunescu/Phi-2_GDPR_15_10e_adapter,,False,reject,empty_readme
ibunescu/Phi-2_GDPR_14_10e,ibunescu,Phi-2_GDPR_14_10e,text-generation,"[""transformers"", ""safetensors"", ""phi"", ""text-generation"", ""custom_code"", ""arxiv:1910.09700"", ""autotrain_compatible"", ""text-generation-inference"", ""endpoints_compatible"", ""region:us""]",4,0,2024-02-27 20:44:01+00:00,2024-02-27 20:47:00+00:00,,https://huggingface.co/ibunescu/Phi-2_GDPR_14_10e,GDPR,2025-09-03T14:05:11Z,,strong-signal query hit,ibunescu/Phi-2_GDPR_14_10e,,False,reject,empty_readme
ibunescu/Phi-2_GDPR_15_10e,ibunescu,Phi-2_GDPR_15_10e,text-generation,"[""transformers"", ""safetensors"", ""phi"", ""text-generation"", ""custom_code"", ""arxiv:1910.09700"", ""autotrain_compatible"", ""text-generation-inference"", ""endpoints_compatible"", ""region:us""]",4,0,2024-02-28 10:56:22+00:00,2024-02-28 10:59:48+00:00,,https://huggingface.co/ibunescu/Phi-2_GDPR_15_10e,GDPR,2025-09-03T14:05:11Z,,strong-signal query hit,ibunescu/Phi-2_GDPR_15_10e,,False,reject,empty_readme
ibunescu/Phi-2_GDPR_15_1e_adapter,ibunescu,Phi-2_GDPR_15_1e_adapter,,"[""transformers"", ""safetensors"", ""arxiv:1910.09700"", ""endpoints_compatible"", ""region:us""]",0,0,2024-02-28 10:59:52+00:00,2024-02-28 11:00:14+00:00,,https://huggingface.co/ibunescu/Phi-2_GDPR_15_1e_adapter,GDPR,2025-09-03T14:05:11Z,,strong-signal query hit,ibunescu/Phi-2_GDPR_15_1e_adapter,,False,reject,empty_readme
ibunescu/Phi-2_GDPR_15_2e_adapter,ibunescu,Phi-2_GDPR_15_2e_adapter,,"[""transformers"", ""safetensors"", ""arxiv:1910.09700"", ""endpoints_compatible"", ""region:us""]",0,0,2024-02-28 11:00:19+00:00,2024-02-28 11:00:30+00:00,,https://huggingface.co/ibunescu/Phi-2_GDPR_15_2e_adapter,GDPR,2025-09-03T14:05:11Z,,strong-signal query hit,ibunescu/Phi-2_GDPR_15_2e_adapter,,False,reject,empty_readme
ibunescu/Phi-2_GDPR_15_3e_adapter,ibunescu,Phi-2_GDPR_15_3e_adapter,,"[""transformers"", ""safetensors"", ""arxiv:1910.09700"", ""endpoints_compatible"", ""region:us""]",0,0,2024-02-28 11:00:34+00:00,2024-02-28 11:00:46+00:00,,https://huggingface.co/ibunescu/Phi-2_GDPR_15_3e_adapter,GDPR,2025-09-03T14:05:12Z,,strong-signal query hit,ibunescu/Phi-2_GDPR_15_3e_adapter,,False,reject,empty_readme
ibunescu/Phi-2_GDPR_15_4e_adapter,ibunescu,Phi-2_GDPR_15_4e_adapter,,"[""transformers"", ""safetensors"", ""arxiv:1910.09700"", ""endpoints_compatible"", ""region:us""]",0,0,2024-02-28 11:00:50+00:00,2024-02-28 11:01:01+00:00,,https://huggingface.co/ibunescu/Phi-2_GDPR_15_4e_adapter,GDPR,2025-09-03T14:05:12Z,,strong-signal query hit,ibunescu/Phi-2_GDPR_15_4e_adapter,,False,reject,empty_readme
ibunescu/Phi-2_GDPR_15_5e_adapter,ibunescu,Phi-2_GDPR_15_5e_adapter,,"[""transformers"", ""safetensors"", ""arxiv:1910.09700"", ""endpoints_compatible"", ""region:us""]",0,0,2024-02-28 11:01:05+00:00,2024-02-28 11:01:17+00:00,,https://huggingface.co/ibunescu/Phi-2_GDPR_15_5e_adapter,GDPR,2025-09-03T14:05:12Z,,strong-signal query hit,ibunescu/Phi-2_GDPR_15_5e_adapter,,False,reject,empty_readme
ibunescu/Phi-2_GDPR_15_6e_adapter,ibunescu,Phi-2_GDPR_15_6e_adapter,,"[""transformers"", ""safetensors"", ""arxiv:1910.09700"", ""endpoints_compatible"", ""region:us""]",0,0,2024-02-28 11:01:20+00:00,2024-02-28 11:01:34+00:00,,https://huggingface.co/ibunescu/Phi-2_GDPR_15_6e_adapter,GDPR,2025-09-03T14:05:12Z,,strong-signal query hit,ibunescu/Phi-2_GDPR_15_6e_adapter,,False,reject,empty_readme
ibunescu/Phi-2_GDPR_15_7e_adapter,ibunescu,Phi-2_GDPR_15_7e_adapter,,"[""transformers"", ""safetensors"", ""arxiv:1910.09700"", ""endpoints_compatible"", ""region:us""]",0,0,2024-02-28 11:01:38+00:00,2024-02-28 11:01:50+00:00,,https://huggingface.co/ibunescu/Phi-2_GDPR_15_7e_adapter,GDPR,2025-09-03T14:05:12Z,,strong-signal query hit,ibunescu/Phi-2_GDPR_15_7e_adapter,,False,reject,empty_readme
ibunescu/Phi-2_GDPR_15_8e_adapter,ibunescu,Phi-2_GDPR_15_8e_adapter,,"[""transformers"", ""safetensors"", ""arxiv:1910.09700"", ""endpoints_compatible"", ""region:us""]",0,0,2024-02-28 11:01:53+00:00,2024-02-28 11:02:05+00:00,,https://huggingface.co/ibunescu/Phi-2_GDPR_15_8e_adapter,GDPR,2025-09-03T14:05:13Z,,strong-signal query hit,ibunescu/Phi-2_GDPR_15_8e_adapter,,False,reject,empty_readme
ibunescu/Phi-2_GDPR_15_9e_adapter,ibunescu,Phi-2_GDPR_15_9e_adapter,,"[""transformers"", ""safetensors"", ""arxiv:1910.09700"", ""endpoints_compatible"", ""region:us""]",0,0,2024-02-28 11:02:09+00:00,2024-02-28 11:02:20+00:00,,https://huggingface.co/ibunescu/Phi-2_GDPR_15_9e_adapter,GDPR,2025-09-03T14:05:13Z,,strong-signal query hit,ibunescu/Phi-2_GDPR_15_9e_adapter,,False,reject,empty_readme
AbstractPerspective/Phi-2_MoE_GDPR,AbstractPerspective,Phi-2_MoE_GDPR,text-generation,"[""transformers"", ""safetensors"", ""phi"", ""text-generation"", ""custom_code"", ""arxiv:1910.09700"", ""autotrain_compatible"", ""text-generation-inference"", ""endpoints_compatible"", ""region:us""]",4,0,2024-03-06 07:30:00+00:00,2024-03-06 07:33:01+00:00,,https://huggingface.co/AbstractPerspective/Phi-2_MoE_GDPR,GDPR,2025-09-03T14:05:13Z,,strong-signal query hit,AbstractPerspective/Phi-2_MoE_GDPR,,False,reject,empty_readme
ibunescu/Phi-2_GDPR_chapter_classifier_v1_adapter,ibunescu,Phi-2_GDPR_chapter_classifier_v1_adapter,,"[""transformers"", ""safetensors"", ""arxiv:1910.09700"", ""endpoints_compatible"", ""region:us""]",0,0,2024-03-08 12:56:05+00:00,2024-03-08 12:56:23+00:00,,https://huggingface.co/ibunescu/Phi-2_GDPR_chapter_classifier_v1_adapter,GDPR,2025-09-03T14:05:13Z,,strong-signal query hit,ibunescu/Phi-2_GDPR_chapter_classifier_v1_adapter,,False,reject,empty_readme
ibunescu/Phi-2_GDPR_chapter_classifier_v1,ibunescu,Phi-2_GDPR_chapter_classifier_v1,text-generation,"[""transformers"", ""safetensors"", ""phi"", ""text-generation"", ""custom_code"", ""arxiv:1910.09700"", ""autotrain_compatible"", ""text-generation-inference"", ""endpoints_compatible"", ""region:us""]",4,0,2024-03-08 12:57:27+00:00,2024-03-08 12:59:50+00:00,,https://huggingface.co/ibunescu/Phi-2_GDPR_chapter_classifier_v1,GDPR,2025-09-03T14:05:13Z,,strong-signal query hit,ibunescu/Phi-2_GDPR_chapter_classifier_v1,,False,reject,empty_readme
ibunescu/Phi-2_GDPR_chapter_classifier_v2_train_results,ibunescu,Phi-2_GDPR_chapter_classifier_v2_train_results,,"[""tensorboard"", ""safetensors"", ""region:us""]",0,0,2024-03-08 16:26:38+00:00,2024-03-08 17:24:49+00:00,,https://huggingface.co/ibunescu/Phi-2_GDPR_chapter_classifier_v2_train_results,GDPR,2025-09-03T14:05:14Z,,strong-signal query hit,ibunescu/Phi-2_GDPR_chapter_classifier_v2_train_results,,False,reject,empty_readme
ibunescu/Phi-2_GDPR_chapter_classifier_v2_adapter,ibunescu,Phi-2_GDPR_chapter_classifier_v2_adapter,,"[""transformers"", ""safetensors"", ""arxiv:1910.09700"", ""endpoints_compatible"", ""region:us""]",0,0,2024-03-08 17:24:51+00:00,2024-03-08 17:25:11+00:00,,https://huggingface.co/ibunescu/Phi-2_GDPR_chapter_classifier_v2_adapter,GDPR,2025-09-03T14:05:14Z,,strong-signal query hit,ibunescu/Phi-2_GDPR_chapter_classifier_v2_adapter,,False,reject,empty_readme
ibunescu/Phi-2_GDPR_chapter_classifier_v2,ibunescu,Phi-2_GDPR_chapter_classifier_v2,text-generation,"[""transformers"", ""safetensors"", ""phi"", ""text-generation"", ""custom_code"", ""arxiv:1910.09700"", ""autotrain_compatible"", ""text-generation-inference"", ""endpoints_compatible"", ""region:us""]",4,0,2024-03-08 17:26:23+00:00,2024-03-08 17:29:04+00:00,,https://huggingface.co/ibunescu/Phi-2_GDPR_chapter_classifier_v2,GDPR,2025-09-03T14:05:14Z,,strong-signal query hit,ibunescu/Phi-2_GDPR_chapter_classifier_v2,,False,reject,empty_readme
ibunescu/Phi-2_GDPR_chapter_classifier_v3_train_results,ibunescu,Phi-2_GDPR_chapter_classifier_v3_train_results,,"[""tensorboard"", ""safetensors"", ""region:us""]",0,0,2024-03-11 10:17:51+00:00,2024-03-11 11:32:26+00:00,,https://huggingface.co/ibunescu/Phi-2_GDPR_chapter_classifier_v3_train_results,GDPR,2025-09-03T14:05:14Z,,strong-signal query hit,ibunescu/Phi-2_GDPR_chapter_classifier_v3_train_results,,False,reject,empty_readme
ibunescu/Phi-2_GDPR_chapter_classifier_v3_adapter,ibunescu,Phi-2_GDPR_chapter_classifier_v3_adapter,,"[""transformers"", ""safetensors"", ""arxiv:1910.09700"", ""endpoints_compatible"", ""region:us""]",0,0,2024-03-11 11:40:00+00:00,2024-03-11 11:40:48+00:00,,https://huggingface.co/ibunescu/Phi-2_GDPR_chapter_classifier_v3_adapter,GDPR,2025-09-03T14:05:14Z,,strong-signal query hit,ibunescu/Phi-2_GDPR_chapter_classifier_v3_adapter,,False,reject,empty_readme
ibunescu/Phi-2_GDPR_chapter_classifier_v3,ibunescu,Phi-2_GDPR_chapter_classifier_v3,text-generation,"[""transformers"", ""safetensors"", ""phi"", ""text-generation"", ""custom_code"", ""arxiv:1910.09700"", ""autotrain_compatible"", ""text-generation-inference"", ""endpoints_compatible"", ""region:us""]",4,0,2024-03-11 11:41:14+00:00,2024-03-11 11:45:11+00:00,,https://huggingface.co/ibunescu/Phi-2_GDPR_chapter_classifier_v3,GDPR,2025-09-03T14:05:15Z,,strong-signal query hit,ibunescu/Phi-2_GDPR_chapter_classifier_v3,,False,reject,empty_readme
ibunescu/Phi-2_GDPR_chapter_classifier_v4_train_results,ibunescu,Phi-2_GDPR_chapter_classifier_v4_train_results,,"[""tensorboard"", ""safetensors"", ""region:us""]",0,0,2024-03-11 12:43:52+00:00,2024-03-11 14:59:26+00:00,,https://huggingface.co/ibunescu/Phi-2_GDPR_chapter_classifier_v4_train_results,GDPR,2025-09-03T14:05:15Z,,strong-signal query hit,ibunescu/Phi-2_GDPR_chapter_classifier_v4_train_results,,False,reject,empty_readme
ibunescu/Phi-2_GDPR_chapter_classifier_v4_adapter,ibunescu,Phi-2_GDPR_chapter_classifier_v4_adapter,,"[""transformers"", ""safetensors"", ""arxiv:1910.09700"", ""endpoints_compatible"", ""region:us""]",0,0,2024-03-11 14:59:30+00:00,2024-03-11 15:00:30+00:00,,https://huggingface.co/ibunescu/Phi-2_GDPR_chapter_classifier_v4_adapter,GDPR,2025-09-03T14:05:15Z,,strong-signal query hit,ibunescu/Phi-2_GDPR_chapter_classifier_v4_adapter,,False,reject,empty_readme
ibunescu/Phi-2_GDPR_chapter_classifier_v4,ibunescu,Phi-2_GDPR_chapter_classifier_v4,text-generation,"[""transformers"", ""safetensors"", ""phi"", ""text-generation"", ""custom_code"", ""arxiv:1910.09700"", ""autotrain_compatible"", ""text-generation-inference"", ""endpoints_compatible"", ""region:us""]",4,0,2024-03-11 15:01:32+00:00,2024-03-11 15:05:40+00:00,,https://huggingface.co/ibunescu/Phi-2_GDPR_chapter_classifier_v4,GDPR,2025-09-03T14:05:15Z,,strong-signal query hit,ibunescu/Phi-2_GDPR_chapter_classifier_v4,,False,reject,empty_readme
ibunescu/Phi-2_GDPR_chapter_classifier_v5_train_results,ibunescu,Phi-2_GDPR_chapter_classifier_v5_train_results,,"[""safetensors"", ""region:us""]",0,0,2024-03-11 16:26:16+00:00,2024-03-11 17:54:38+00:00,,https://huggingface.co/ibunescu/Phi-2_GDPR_chapter_classifier_v5_train_results,GDPR,2025-09-03T14:05:16Z,,strong-signal query hit,ibunescu/Phi-2_GDPR_chapter_classifier_v5_train_results,,False,reject,empty_readme
ibunescu/Phi-2_GDPR_chapter_classifier_v5_adapter,ibunescu,Phi-2_GDPR_chapter_classifier_v5_adapter,,"[""transformers"", ""safetensors"", ""arxiv:1910.09700"", ""endpoints_compatible"", ""region:us""]",0,0,2024-03-11 17:54:40+00:00,2024-03-11 17:55:00+00:00,,https://huggingface.co/ibunescu/Phi-2_GDPR_chapter_classifier_v5_adapter,GDPR,2025-09-03T14:05:16Z,,strong-signal query hit,ibunescu/Phi-2_GDPR_chapter_classifier_v5_adapter,,False,reject,empty_readme
ibunescu/Phi-2_GDPR_chapter_classifier_v5,ibunescu,Phi-2_GDPR_chapter_classifier_v5,text-generation,"[""transformers"", ""safetensors"", ""phi"", ""text-generation"", ""custom_code"", ""arxiv:1910.09700"", ""autotrain_compatible"", ""text-generation-inference"", ""endpoints_compatible"", ""region:us""]",4,0,2024-03-11 17:55:27+00:00,2024-03-11 17:58:17+00:00,,https://huggingface.co/ibunescu/Phi-2_GDPR_chapter_classifier_v5,GDPR,2025-09-03T14:05:16Z,,strong-signal query hit,ibunescu/Phi-2_GDPR_chapter_classifier_v5,,False,reject,empty_readme
ibunescu/Phi-2_GDPR_chapter_classifier_v6_train_results,ibunescu,Phi-2_GDPR_chapter_classifier_v6_train_results,,"[""peft"", ""safetensors"", ""generated_from_trainer"", ""base_model:microsoft/phi-2"", ""base_model:adapter:microsoft/phi-2"", ""license:mit"", ""region:us""]",1,0,2024-03-12 13:15:56+00:00,2024-03-12 16:28:58+00:00,,https://huggingface.co/ibunescu/Phi-2_GDPR_chapter_classifier_v6_train_results,GDPR,2025-09-03T14:05:16Z,,strong-signal query hit,ibunescu/Phi-2_GDPR_chapter_classifier_v6_train_results,,False,reject,empty_readme
ibunescu/Phi-2_GDPR_chapter_classifier_v6_adapter,ibunescu,Phi-2_GDPR_chapter_classifier_v6_adapter,,"[""transformers"", ""safetensors"", ""arxiv:1910.09700"", ""endpoints_compatible"", ""region:us""]",0,0,2024-03-12 14:46:58+00:00,2024-03-12 14:47:19+00:00,,https://huggingface.co/ibunescu/Phi-2_GDPR_chapter_classifier_v6_adapter,GDPR,2025-09-03T14:05:16Z,,strong-signal query hit,ibunescu/Phi-2_GDPR_chapter_classifier_v6_adapter,,False,reject,empty_readme
ibunescu/Phi-2_GDPR_chapter_classifier_v6,ibunescu,Phi-2_GDPR_chapter_classifier_v6,text-generation,"[""transformers"", ""safetensors"", ""phi"", ""text-generation"", ""custom_code"", ""arxiv:1910.09700"", ""autotrain_compatible"", ""text-generation-inference"", ""endpoints_compatible"", ""region:us""]",3,0,2024-03-12 14:48:15+00:00,2024-03-12 14:51:14+00:00,,https://huggingface.co/ibunescu/Phi-2_GDPR_chapter_classifier_v6,GDPR,2025-09-03T14:05:17Z,,strong-signal query hit,ibunescu/Phi-2_GDPR_chapter_classifier_v6,,False,reject,empty_readme
ibunescu/Phi-2_GDPR_chapter_classifier_v7_train_results,ibunescu,Phi-2_GDPR_chapter_classifier_v7_train_results,,"[""safetensors"", ""region:us""]",0,0,2024-03-12 16:56:36+00:00,2024-03-12 17:09:45+00:00,,https://huggingface.co/ibunescu/Phi-2_GDPR_chapter_classifier_v7_train_results,GDPR,2025-09-03T14:05:17Z,,strong-signal query hit,ibunescu/Phi-2_GDPR_chapter_classifier_v7_train_results,,False,reject,empty_readme
ibunescu/Phi-2_GDPR_chapter_classifier_v7_adapter,ibunescu,Phi-2_GDPR_chapter_classifier_v7_adapter,,"[""transformers"", ""safetensors"", ""arxiv:1910.09700"", ""endpoints_compatible"", ""region:us""]",0,0,2024-03-12 17:09:49+00:00,2024-03-12 17:10:11+00:00,,https://huggingface.co/ibunescu/Phi-2_GDPR_chapter_classifier_v7_adapter,GDPR,2025-09-03T14:05:17Z,,strong-signal query hit,ibunescu/Phi-2_GDPR_chapter_classifier_v7_adapter,,False,reject,empty_readme
ibunescu/Phi-2_GDPR_chapter_classifier_v7,ibunescu,Phi-2_GDPR_chapter_classifier_v7,text-generation,"[""transformers"", ""safetensors"", ""phi"", ""text-generation"", ""custom_code"", ""arxiv:1910.09700"", ""autotrain_compatible"", ""text-generation-inference"", ""endpoints_compatible"", ""region:us""]",3,0,2024-03-12 17:10:42+00:00,2024-03-12 17:13:36+00:00,,https://huggingface.co/ibunescu/Phi-2_GDPR_chapter_classifier_v7,GDPR,2025-09-03T14:05:17Z,,strong-signal query hit,ibunescu/Phi-2_GDPR_chapter_classifier_v7,,False,reject,empty_readme
ibunescu/Phi-2_GDPR_chapter_classifier_v8_train_results,ibunescu,Phi-2_GDPR_chapter_classifier_v8_train_results,,"[""safetensors"", ""region:us""]",0,0,2024-03-13 13:54:47+00:00,2024-03-13 14:42:49+00:00,,https://huggingface.co/ibunescu/Phi-2_GDPR_chapter_classifier_v8_train_results,GDPR,2025-09-03T14:05:17Z,,strong-signal query hit,ibunescu/Phi-2_GDPR_chapter_classifier_v8_train_results,,False,reject,empty_readme
ibunescu/Phi-2_GDPR_chapter_classifier_v8_adapter,ibunescu,Phi-2_GDPR_chapter_classifier_v8_adapter,,"[""transformers"", ""safetensors"", ""arxiv:1910.09700"", ""endpoints_compatible"", ""region:us""]",0,0,2024-03-13 14:43:15+00:00,2024-03-13 14:43:35+00:00,,https://huggingface.co/ibunescu/Phi-2_GDPR_chapter_classifier_v8_adapter,GDPR,2025-09-03T14:05:18Z,,strong-signal query hit,ibunescu/Phi-2_GDPR_chapter_classifier_v8_adapter,,False,reject,empty_readme
ibunescu/Phi-2_GDPR_chapter_classifier_v8,ibunescu,Phi-2_GDPR_chapter_classifier_v8,text-generation,"[""transformers"", ""safetensors"", ""phi"", ""text-generation"", ""custom_code"", ""arxiv:1910.09700"", ""autotrain_compatible"", ""text-generation-inference"", ""endpoints_compatible"", ""region:us""]",4,0,2024-03-13 14:43:56+00:00,2024-03-13 14:46:55+00:00,,https://huggingface.co/ibunescu/Phi-2_GDPR_chapter_classifier_v8,GDPR,2025-09-03T14:05:18Z,,strong-signal query hit,ibunescu/Phi-2_GDPR_chapter_classifier_v8,,False,reject,empty_readme
ibunescu/Phi-2_GDPR_chapter_classifier_v9_train_results,ibunescu,Phi-2_GDPR_chapter_classifier_v9_train_results,,"[""safetensors"", ""region:us""]",0,0,2024-03-13 15:31:26+00:00,2024-03-13 17:14:51+00:00,,https://huggingface.co/ibunescu/Phi-2_GDPR_chapter_classifier_v9_train_results,GDPR,2025-09-03T14:05:18Z,,strong-signal query hit,ibunescu/Phi-2_GDPR_chapter_classifier_v9_train_results,,False,reject,empty_readme
ibunescu/Phi-2_GDPR_chapter_classifier_v9_adapter,ibunescu,Phi-2_GDPR_chapter_classifier_v9_adapter,,"[""transformers"", ""safetensors"", ""arxiv:1910.09700"", ""endpoints_compatible"", ""region:us""]",0,0,2024-03-13 17:14:56+00:00,2024-03-13 17:15:17+00:00,,https://huggingface.co/ibunescu/Phi-2_GDPR_chapter_classifier_v9_adapter,GDPR,2025-09-03T14:05:18Z,,strong-signal query hit,ibunescu/Phi-2_GDPR_chapter_classifier_v9_adapter,,False,reject,empty_readme
ibunescu/Phi-2_GDPR_chapter_classifier_v9,ibunescu,Phi-2_GDPR_chapter_classifier_v9,text-generation,"[""transformers"", ""safetensors"", ""phi"", ""text-generation"", ""custom_code"", ""arxiv:1910.09700"", ""autotrain_compatible"", ""text-generation-inference"", ""endpoints_compatible"", ""region:us""]",4,0,2024-03-13 17:15:39+00:00,2024-03-13 17:18:26+00:00,,https://huggingface.co/ibunescu/Phi-2_GDPR_chapter_classifier_v9,GDPR,2025-09-03T14:05:18Z,,strong-signal query hit,ibunescu/Phi-2_GDPR_chapter_classifier_v9,,False,reject,empty_readme
ibunescu/Phi-2_GDPR_chapter_classifier_v10_train_results,ibunescu,Phi-2_GDPR_chapter_classifier_v10_train_results,,"[""safetensors"", ""region:us""]",0,0,2024-03-13 18:09:33+00:00,2024-03-13 18:54:00+00:00,,https://huggingface.co/ibunescu/Phi-2_GDPR_chapter_classifier_v10_train_results,GDPR,2025-09-03T14:05:19Z,,strong-signal query hit,ibunescu/Phi-2_GDPR_chapter_classifier_v10_train_results,,False,reject,empty_readme
ibunescu/Phi-2_GDPR_chapter_classifier_v10_adapter,ibunescu,Phi-2_GDPR_chapter_classifier_v10_adapter,,"[""transformers"", ""safetensors"", ""arxiv:1910.09700"", ""endpoints_compatible"", ""region:us""]",0,0,2024-03-13 18:54:15+00:00,2024-03-13 18:54:36+00:00,,https://huggingface.co/ibunescu/Phi-2_GDPR_chapter_classifier_v10_adapter,GDPR,2025-09-03T14:05:19Z,,strong-signal query hit,ibunescu/Phi-2_GDPR_chapter_classifier_v10_adapter,,False,reject,empty_readme
ibunescu/Phi-2_GDPR_chapter_classifier_v11_train_results,ibunescu,Phi-2_GDPR_chapter_classifier_v11_train_results,,"[""safetensors"", ""region:us""]",0,0,2024-03-14 08:24:06+00:00,2024-03-14 08:53:34+00:00,,https://huggingface.co/ibunescu/Phi-2_GDPR_chapter_classifier_v11_train_results,GDPR,2025-09-03T14:05:19Z,,strong-signal query hit,ibunescu/Phi-2_GDPR_chapter_classifier_v11_train_results,,False,reject,empty_readme
ibunescu/Phi-2_GDPR_chapter_classifier_v11_adapter,ibunescu,Phi-2_GDPR_chapter_classifier_v11_adapter,,"[""transformers"", ""safetensors"", ""arxiv:1910.09700"", ""endpoints_compatible"", ""region:us""]",0,0,2024-03-14 08:54:23+00:00,2024-03-14 08:54:48+00:00,,https://huggingface.co/ibunescu/Phi-2_GDPR_chapter_classifier_v11_adapter,GDPR,2025-09-03T14:05:19Z,,strong-signal query hit,ibunescu/Phi-2_GDPR_chapter_classifier_v11_adapter,,False,reject,empty_readme
ibunescu/Phi-2_GDPR_chapter_classifier_v12_train_results,ibunescu,Phi-2_GDPR_chapter_classifier_v12_train_results,,"[""safetensors"", ""region:us""]",0,0,2024-03-14 09:25:18+00:00,2024-03-14 10:10:53+00:00,,https://huggingface.co/ibunescu/Phi-2_GDPR_chapter_classifier_v12_train_results,GDPR,2025-09-03T14:05:19Z,,strong-signal query hit,ibunescu/Phi-2_GDPR_chapter_classifier_v12_train_results,,False,reject,empty_readme
ibunescu/Phi-2_GDPR_chapter_classifier_v12_adapter,ibunescu,Phi-2_GDPR_chapter_classifier_v12_adapter,,"[""transformers"", ""safetensors"", ""arxiv:1910.09700"", ""endpoints_compatible"", ""region:us""]",0,0,2024-03-14 10:12:02+00:00,2024-03-14 10:12:27+00:00,,https://huggingface.co/ibunescu/Phi-2_GDPR_chapter_classifier_v12_adapter,GDPR,2025-09-03T14:05:20Z,,strong-signal query hit,ibunescu/Phi-2_GDPR_chapter_classifier_v12_adapter,,False,reject,empty_readme
ibunescu/Phi-2_GDPR_chapter_classifier_v13_train_results,ibunescu,Phi-2_GDPR_chapter_classifier_v13_train_results,,"[""safetensors"", ""region:us""]",0,0,2024-03-15 14:15:57+00:00,2024-03-15 14:46:08+00:00,,https://huggingface.co/ibunescu/Phi-2_GDPR_chapter_classifier_v13_train_results,GDPR,2025-09-03T14:05:20Z,,strong-signal query hit,ibunescu/Phi-2_GDPR_chapter_classifier_v13_train_results,,False,reject,empty_readme
ibunescu/Phi-2_GDPR_chapter_classifier_v13_adapter,ibunescu,Phi-2_GDPR_chapter_classifier_v13_adapter,,"[""transformers"", ""safetensors"", ""arxiv:1910.09700"", ""endpoints_compatible"", ""region:us""]",0,0,2024-03-15 14:47:47+00:00,2024-03-15 14:48:22+00:00,,https://huggingface.co/ibunescu/Phi-2_GDPR_chapter_classifier_v13_adapter,GDPR,2025-09-03T14:05:20Z,,strong-signal query hit,ibunescu/Phi-2_GDPR_chapter_classifier_v13_adapter,,False,reject,empty_readme
ibunescu/Phi-2_GDPR_chapter_classifier_v14_train_results,ibunescu,Phi-2_GDPR_chapter_classifier_v14_train_results,,"[""safetensors"", ""region:us""]",0,0,2024-03-15 14:52:29+00:00,2024-03-15 15:22:58+00:00,,https://huggingface.co/ibunescu/Phi-2_GDPR_chapter_classifier_v14_train_results,GDPR,2025-09-03T14:05:20Z,,strong-signal query hit,ibunescu/Phi-2_GDPR_chapter_classifier_v14_train_results,,False,reject,empty_readme
ibunescu/Phi-2_GDPR_chapter_classifier_v14_adapter,ibunescu,Phi-2_GDPR_chapter_classifier_v14_adapter,,"[""transformers"", ""safetensors"", ""arxiv:1910.09700"", ""endpoints_compatible"", ""region:us""]",0,0,2024-03-15 15:24:14+00:00,2024-03-15 15:24:49+00:00,,https://huggingface.co/ibunescu/Phi-2_GDPR_chapter_classifier_v14_adapter,GDPR,2025-09-03T14:05:20Z,,strong-signal query hit,ibunescu/Phi-2_GDPR_chapter_classifier_v14_adapter,,False,reject,empty_readme
ibunescu/Phi-2_GDPR_chapter_classifier_v15_train_results,ibunescu,Phi-2_GDPR_chapter_classifier_v15_train_results,,"[""safetensors"", ""region:us""]",0,0,2024-03-15 18:20:32+00:00,2024-03-15 18:55:12+00:00,,https://huggingface.co/ibunescu/Phi-2_GDPR_chapter_classifier_v15_train_results,GDPR,2025-09-03T14:05:21Z,,strong-signal query hit,ibunescu/Phi-2_GDPR_chapter_classifier_v15_train_results,,False,reject,empty_readme
ibunescu/Phi-2_GDPR_chapter_classifier_v15_adapter,ibunescu,Phi-2_GDPR_chapter_classifier_v15_adapter,,"[""transformers"", ""safetensors"", ""arxiv:1910.09700"", ""endpoints_compatible"", ""region:us""]",0,0,2024-03-15 18:56:11+00:00,2024-03-15 18:56:31+00:00,,https://huggingface.co/ibunescu/Phi-2_GDPR_chapter_classifier_v15_adapter,GDPR,2025-09-03T14:05:21Z,,strong-signal query hit,ibunescu/Phi-2_GDPR_chapter_classifier_v15_adapter,,False,reject,empty_readme
ibunescu/Phi-2_GDPR_chapter_classifier_v16_train_results,ibunescu,Phi-2_GDPR_chapter_classifier_v16_train_results,,"[""safetensors"", ""region:us""]",0,0,2024-03-15 19:04:17+00:00,2024-03-15 19:39:05+00:00,,https://huggingface.co/ibunescu/Phi-2_GDPR_chapter_classifier_v16_train_results,GDPR,2025-09-03T14:05:21Z,,strong-signal query hit,ibunescu/Phi-2_GDPR_chapter_classifier_v16_train_results,,False,reject,empty_readme
ibunescu/Phi-2_GDPR_chapter_classifier_v16_adapter,ibunescu,Phi-2_GDPR_chapter_classifier_v16_adapter,,"[""transformers"", ""safetensors"", ""arxiv:1910.09700"", ""endpoints_compatible"", ""region:us""]",0,0,2024-03-15 19:40:06+00:00,2024-03-15 19:40:27+00:00,,https://huggingface.co/ibunescu/Phi-2_GDPR_chapter_classifier_v16_adapter,GDPR,2025-09-03T14:05:21Z,,strong-signal query hit,ibunescu/Phi-2_GDPR_chapter_classifier_v16_adapter,,False,reject,empty_readme
ibunescu/Phi-2_GDPR_chapter_classifier_v17_train_results,ibunescu,Phi-2_GDPR_chapter_classifier_v17_train_results,,"[""safetensors"", ""region:us""]",0,0,2024-03-15 19:47:24+00:00,2024-03-15 21:45:07+00:00,,https://huggingface.co/ibunescu/Phi-2_GDPR_chapter_classifier_v17_train_results,GDPR,2025-09-03T14:05:21Z,,strong-signal query hit,ibunescu/Phi-2_GDPR_chapter_classifier_v17_train_results,,False,reject,empty_readme
ibunescu/Phi-2_GDPR_chapter_classifier_v18_train_results,ibunescu,Phi-2_GDPR_chapter_classifier_v18_train_results,,"[""safetensors"", ""region:us""]",0,0,2024-03-15 20:15:01+00:00,2024-03-15 20:55:04+00:00,,https://huggingface.co/ibunescu/Phi-2_GDPR_chapter_classifier_v18_train_results,GDPR,2025-09-03T14:05:22Z,,strong-signal query hit,ibunescu/Phi-2_GDPR_chapter_classifier_v18_train_results,,False,reject,empty_readme
ibunescu/Phi-2_GDPR_chapter_classifier_v18_adapter,ibunescu,Phi-2_GDPR_chapter_classifier_v18_adapter,,"[""transformers"", ""safetensors"", ""arxiv:1910.09700"", ""endpoints_compatible"", ""region:us""]",0,0,2024-03-15 20:55:15+00:00,2024-03-15 20:55:46+00:00,,https://huggingface.co/ibunescu/Phi-2_GDPR_chapter_classifier_v18_adapter,GDPR,2025-09-03T14:05:22Z,,strong-signal query hit,ibunescu/Phi-2_GDPR_chapter_classifier_v18_adapter,,False,reject,empty_readme
ibunescu/Phi-2_GDPR_chapter_classifier_v17_adapter,ibunescu,Phi-2_GDPR_chapter_classifier_v17_adapter,,"[""transformers"", ""safetensors"", ""arxiv:1910.09700"", ""endpoints_compatible"", ""region:us""]",0,0,2024-03-15 21:45:17+00:00,2024-03-15 21:45:40+00:00,,https://huggingface.co/ibunescu/Phi-2_GDPR_chapter_classifier_v17_adapter,GDPR,2025-09-03T14:05:22Z,,strong-signal query hit,ibunescu/Phi-2_GDPR_chapter_classifier_v17_adapter,,False,reject,empty_readme
ibunescu/Phi-2_GDPR_chapter_classifier_v19_train_results,ibunescu,Phi-2_GDPR_chapter_classifier_v19_train_results,,"[""safetensors"", ""region:us""]",0,0,2024-03-18 09:26:51+00:00,2024-03-18 10:04:47+00:00,,https://huggingface.co/ibunescu/Phi-2_GDPR_chapter_classifier_v19_train_results,GDPR,2025-09-03T14:05:22Z,,strong-signal query hit,ibunescu/Phi-2_GDPR_chapter_classifier_v19_train_results,,False,reject,empty_readme
ibunescu/Phi-2_GDPR_chapter_classifier_v19_adapter,ibunescu,Phi-2_GDPR_chapter_classifier_v19_adapter,,"[""transformers"", ""safetensors"", ""arxiv:1910.09700"", ""endpoints_compatible"", ""region:us""]",0,0,2024-03-18 10:04:54+00:00,2024-03-18 10:05:14+00:00,,https://huggingface.co/ibunescu/Phi-2_GDPR_chapter_classifier_v19_adapter,GDPR,2025-09-03T14:05:22Z,,strong-signal query hit,ibunescu/Phi-2_GDPR_chapter_classifier_v19_adapter,,False,reject,empty_readme
ibunescu/Phi-2_GDPR_chapter_classifier_v20_train_results,ibunescu,Phi-2_GDPR_chapter_classifier_v20_train_results,,"[""safetensors"", ""region:us""]",0,0,2024-03-18 10:32:46+00:00,2024-03-18 10:45:42+00:00,,https://huggingface.co/ibunescu/Phi-2_GDPR_chapter_classifier_v20_train_results,GDPR,2025-09-03T14:05:23Z,,strong-signal query hit,ibunescu/Phi-2_GDPR_chapter_classifier_v20_train_results,,False,reject,empty_readme
ibunescu/Phi-2_GDPR_chapter_classifier_v20_adapter,ibunescu,Phi-2_GDPR_chapter_classifier_v20_adapter,,"[""transformers"", ""safetensors"", ""arxiv:1910.09700"", ""endpoints_compatible"", ""region:us""]",0,0,2024-03-18 10:45:47+00:00,2024-03-18 10:46:05+00:00,,https://huggingface.co/ibunescu/Phi-2_GDPR_chapter_classifier_v20_adapter,GDPR,2025-09-03T14:05:23Z,,strong-signal query hit,ibunescu/Phi-2_GDPR_chapter_classifier_v20_adapter,,False,reject,empty_readme
ibunescu/Phi-2_GDPR_chapter_classifier_v21_train_results,ibunescu,Phi-2_GDPR_chapter_classifier_v21_train_results,,"[""safetensors"", ""region:us""]",0,0,2024-03-18 11:07:35+00:00,2024-03-18 11:32:26+00:00,,https://huggingface.co/ibunescu/Phi-2_GDPR_chapter_classifier_v21_train_results,GDPR,2025-09-03T14:05:23Z,,strong-signal query hit,ibunescu/Phi-2_GDPR_chapter_classifier_v21_train_results,,False,reject,empty_readme
ibunescu/Phi-2_GDPR_chapter_classifier_v21_adapter,ibunescu,Phi-2_GDPR_chapter_classifier_v21_adapter,,"[""transformers"", ""safetensors"", ""arxiv:1910.09700"", ""endpoints_compatible"", ""region:us""]",0,0,2024-03-18 11:32:33+00:00,2024-03-18 11:33:03+00:00,,https://huggingface.co/ibunescu/Phi-2_GDPR_chapter_classifier_v21_adapter,GDPR,2025-09-03T14:05:23Z,,strong-signal query hit,ibunescu/Phi-2_GDPR_chapter_classifier_v21_adapter,,False,reject,empty_readme
ibunescu/Phi-2_GDPR_chapter_classifier_v22_train_results,ibunescu,Phi-2_GDPR_chapter_classifier_v22_train_results,,"[""safetensors"", ""region:us""]",0,0,2024-03-18 13:16:27+00:00,2024-03-18 14:05:22+00:00,,https://huggingface.co/ibunescu/Phi-2_GDPR_chapter_classifier_v22_train_results,GDPR,2025-09-03T14:05:24Z,,strong-signal query hit,ibunescu/Phi-2_GDPR_chapter_classifier_v22_train_results,,False,reject,empty_readme
ibunescu/Phi-2_GDPR_chapter_classifier_v22_adapter,ibunescu,Phi-2_GDPR_chapter_classifier_v22_adapter,,"[""transformers"", ""safetensors"", ""arxiv:1910.09700"", ""endpoints_compatible"", ""region:us""]",0,0,2024-03-18 14:05:31+00:00,2024-03-18 14:05:52+00:00,,https://huggingface.co/ibunescu/Phi-2_GDPR_chapter_classifier_v22_adapter,GDPR,2025-09-03T14:05:24Z,,strong-signal query hit,ibunescu/Phi-2_GDPR_chapter_classifier_v22_adapter,,False,reject,empty_readme
ibunescu/Phi-2_GDPR_chapter_classifier_v23_train_results,ibunescu,Phi-2_GDPR_chapter_classifier_v23_train_results,,"[""safetensors"", ""region:us""]",0,0,2024-03-18 14:25:54+00:00,2024-03-18 15:10:33+00:00,,https://huggingface.co/ibunescu/Phi-2_GDPR_chapter_classifier_v23_train_results,GDPR,2025-09-03T14:05:24Z,,strong-signal query hit,ibunescu/Phi-2_GDPR_chapter_classifier_v23_train_results,,False,reject,empty_readme
ibunescu/Phi-2_GDPR_chapter_classifier_v23_adapter,ibunescu,Phi-2_GDPR_chapter_classifier_v23_adapter,,"[""transformers"", ""safetensors"", ""arxiv:1910.09700"", ""endpoints_compatible"", ""region:us""]",0,0,2024-03-18 15:10:40+00:00,2024-03-18 15:11:02+00:00,,https://huggingface.co/ibunescu/Phi-2_GDPR_chapter_classifier_v23_adapter,GDPR,2025-09-03T14:05:24Z,,strong-signal query hit,ibunescu/Phi-2_GDPR_chapter_classifier_v23_adapter,,False,reject,empty_readme
sims2k/GDPR-Saul-Instruct-v1,sims2k,GDPR-Saul-Instruct-v1,text-generation,"[""transformers"", ""safetensors"", ""mistral"", ""text-generation"", ""GDPR"", ""Law"", ""English"", ""Data Protection"", ""conversational"", ""en"", ""dataset:sims2k/GDPR_QA_instruct_dataset"", ""base_model:Equall/Saul-7B-Instruct-v1"", ""base_model:finetune:Equall/Saul-7B-Instruct-v1"", ""license:mit"", ""autotrain_compatible"", ""text-generation-inference"", ""endpoints_compatible"", ""region:us""]",4,0,2024-05-16 14:42:40+00:00,2024-09-11 13:56:21+00:00,,https://huggingface.co/sims2k/GDPR-Saul-Instruct-v1,GDPR,2025-09-03T14:05:24Z,,strong-signal query hit,sims2k/GDPR-Saul-Instruct-v1,GDPR,False,reject,empty_readme
sims2k/Saul-Instruct-v1-gdpr-finetuned-v2,sims2k,Saul-Instruct-v1-gdpr-finetuned-v2,text-generation,"[""transformers"", ""safetensors"", ""mistral"", ""text-generation"", ""GDPR"", ""Law"", ""English"", ""Data Protection"", ""conversational"", ""en"", ""dataset:sims2k/GDPR_QA_instruct_dataset"", ""base_model:Equall/Saul-7B-Instruct-v1"", ""base_model:quantized:Equall/Saul-7B-Instruct-v1"", ""license:mit"", ""autotrain_compatible"", ""text-generation-inference"", ""endpoints_compatible"", ""4-bit"", ""bitsandbytes"", ""region:us""]",5,0,2024-06-09 19:03:58+00:00,2024-09-11 13:58:40+00:00,,https://huggingface.co/sims2k/Saul-Instruct-v1-gdpr-finetuned-v2,GDPR,2025-09-03T14:05:25Z,,strong-signal query hit,sims2k/Saul-Instruct-v1-gdpr-finetuned-v2,GDPR,False,reject,empty_readme
sims2k/Saul-Instruct-v1-gdpr-finetuned-v3,sims2k,Saul-Instruct-v1-gdpr-finetuned-v3,text-generation,"[""transformers"", ""safetensors"", ""mistral"", ""text-generation"", ""GDPR"", ""Law"", ""English"", ""Data Protection"", ""conversational"", ""en"", ""dataset:sims2k/GDPR_QA_instruct_dataset"", ""base_model:Equall/Saul-7B-Instruct-v1"", ""base_model:quantized:Equall/Saul-7B-Instruct-v1"", ""license:mit"", ""autotrain_compatible"", ""text-generation-inference"", ""endpoints_compatible"", ""4-bit"", ""bitsandbytes"", ""region:us""]",6,0,2024-06-12 16:51:02+00:00,2024-09-11 13:59:11+00:00,,https://huggingface.co/sims2k/Saul-Instruct-v1-gdpr-finetuned-v3,GDPR,2025-09-03T14:05:25Z,,strong-signal query hit,sims2k/Saul-Instruct-v1-gdpr-finetuned-v3,GDPR,False,reject,empty_readme
sims2k/Saul-Instruct-v1-gdpr-finetuned-v1.1,sims2k,Saul-Instruct-v1-gdpr-finetuned-v1.1,text-generation,"[""transformers"", ""safetensors"", ""mistral"", ""text-generation"", ""GDPR"", ""Law"", ""English"", ""Data Protection"", ""conversational"", ""en"", ""dataset:sims2k/GDPR_QA_instruct_dataset"", ""base_model:Equall/Saul-7B-Instruct-v1"", ""base_model:quantized:Equall/Saul-7B-Instruct-v1"", ""license:mit"", ""autotrain_compatible"", ""text-generation-inference"", ""endpoints_compatible"", ""4-bit"", ""bitsandbytes"", ""region:us""]",3,0,2024-06-28 15:46:07+00:00,2024-09-11 16:17:48+00:00,,https://huggingface.co/sims2k/Saul-Instruct-v1-gdpr-finetuned-v1.1,GDPR,2025-09-03T14:05:25Z,,strong-signal query hit,sims2k/Saul-Instruct-v1-gdpr-finetuned-v1.1,GDPR,False,reject,empty_readme
sims2k/Saul-Instruct-v1-gdpr-finetuned-v2.1,sims2k,Saul-Instruct-v1-gdpr-finetuned-v2.1,text-generation,"[""transformers"", ""safetensors"", ""mistral"", ""text-generation"", ""GDPR"", ""Law"", ""English"", ""Data Protection"", ""conversational"", ""en"", ""dataset:sims2k/GDPR_QA_instruct_dataset"", ""base_model:Equall/Saul-7B-Instruct-v1"", ""base_model:quantized:Equall/Saul-7B-Instruct-v1"", ""license:mit"", ""autotrain_compatible"", ""text-generation-inference"", ""endpoints_compatible"", ""4-bit"", ""bitsandbytes"", ""region:us""]",4,0,2024-06-29 13:26:27+00:00,2024-09-11 13:59:58+00:00,,https://huggingface.co/sims2k/Saul-Instruct-v1-gdpr-finetuned-v2.1,GDPR,2025-09-03T14:05:25Z,,strong-signal query hit,sims2k/Saul-Instruct-v1-gdpr-finetuned-v2.1,GDPR,False,reject,empty_readme
sims2k/Saul-Instruct-v1-gdpr-finetuned-v3.1,sims2k,Saul-Instruct-v1-gdpr-finetuned-v3.1,text-generation,"[""transformers"", ""safetensors"", ""mistral"", ""text-generation"", ""GDPR"", ""Law"", ""English"", ""Data Protection"", ""conversational"", ""en"", ""dataset:sims2k/GDPR_QA_instruct_dataset"", ""base_model:Equall/Saul-7B-Instruct-v1"", ""base_model:finetune:Equall/Saul-7B-Instruct-v1"", ""license:mit"", ""autotrain_compatible"", ""text-generation-inference"", ""endpoints_compatible"", ""8-bit"", ""region:us""]",3,0,2024-06-29 15:05:25+00:00,2024-09-11 16:18:51+00:00,,https://huggingface.co/sims2k/Saul-Instruct-v1-gdpr-finetuned-v3.1,GDPR,2025-09-03T14:05:25Z,,strong-signal query hit,sims2k/Saul-Instruct-v1-gdpr-finetuned-v3.1,GDPR,False,reject,empty_readme
AndreaSimeri/LegalBERT_GDPR,AndreaSimeri,LegalBERT_GDPR,text-classification,"[""transformers"", ""pytorch"", ""bert"", ""text-classification"", ""deep learning"", ""law article retrieval"", ""natural language processing"", ""BERT"", ""information retrieval"", ""legal ai"", ""legal bert"", ""gdpr"", ""general data protection regulation"", ""en"", ""license:cc-by-nc-nd-4.0"", ""autotrain_compatible"", ""endpoints_compatible"", ""region:us""]",46,0,2024-07-05 14:36:31+00:00,2024-07-05 15:02:49+00:00,,https://huggingface.co/AndreaSimeri/LegalBERT_GDPR,GDPR,2025-09-03T14:05:26Z,,strong-signal query hit,AndreaSimeri/LegalBERT_GDPR,GDPR,False,reject,empty_readme
sims2k/Saul-Instruct-v1-gdpr-finetuned-v4.1,sims2k,Saul-Instruct-v1-gdpr-finetuned-v4.1,text-generation,"[""transformers"", ""safetensors"", ""mistral"", ""text-generation"", ""GDPR"", ""Law"", ""English"", ""Data Protection"", ""conversational"", ""en"", ""dataset:sims2k/GDPR_QA_instruct_dataset"", ""base_model:Equall/Saul-7B-Instruct-v1"", ""base_model:quantized:Equall/Saul-7B-Instruct-v1"", ""license:mit"", ""autotrain_compatible"", ""text-generation-inference"", ""endpoints_compatible"", ""4-bit"", ""bitsandbytes"", ""region:us""]",3,0,2024-07-06 19:50:55+00:00,2024-09-11 16:21:20+00:00,,https://huggingface.co/sims2k/Saul-Instruct-v1-gdpr-finetuned-v4.1,GDPR,2025-09-03T14:05:26Z,,strong-signal query hit,sims2k/Saul-Instruct-v1-gdpr-finetuned-v4.1,GDPR,False,reject,empty_readme
sims2k/Saul-Instruct-v1-gdpr-finetuned-v1.2,sims2k,Saul-Instruct-v1-gdpr-finetuned-v1.2,text-generation,"[""transformers"", ""safetensors"", ""mistral"", ""text-generation"", ""GDPR"", ""Law"", ""English"", ""Data Protection"", ""conversational"", ""en"", ""dataset:sims2k/GDPR_QA_instruct_dataset"", ""base_model:Equall/Saul-7B-Instruct-v1"", ""base_model:finetune:Equall/Saul-7B-Instruct-v1"", ""license:mit"", ""autotrain_compatible"", ""text-generation-inference"", ""endpoints_compatible"", ""region:us""]",3,0,2024-07-07 00:31:28+00:00,2024-09-11 16:23:31+00:00,,https://huggingface.co/sims2k/Saul-Instruct-v1-gdpr-finetuned-v1.2,GDPR,2025-09-03T14:05:26Z,,strong-signal query hit,sims2k/Saul-Instruct-v1-gdpr-finetuned-v1.2,GDPR,False,reject,empty_readme
sims2k/Saul-Instruct-v1-gdpr-finetuned-v4.2,sims2k,Saul-Instruct-v1-gdpr-finetuned-v4.2,text-generation,"[""transformers"", ""safetensors"", ""mistral"", ""text-generation"", ""GDPR"", ""Law"", ""English"", ""Data Protection"", ""conversational"", ""en"", ""dataset:sims2k/GDPR_QA_instruct_dataset"", ""base_model:Equall/Saul-7B-Instruct-v1"", ""base_model:finetune:Equall/Saul-7B-Instruct-v1"", ""license:mit"", ""autotrain_compatible"", ""text-generation-inference"", ""endpoints_compatible"", ""region:us""]",3,0,2024-07-08 19:34:43+00:00,2024-09-11 16:20:52+00:00,,https://huggingface.co/sims2k/Saul-Instruct-v1-gdpr-finetuned-v4.2,GDPR,2025-09-03T14:05:26Z,,strong-signal query hit,sims2k/Saul-Instruct-v1-gdpr-finetuned-v4.2,GDPR,False,reject,empty_readme
sims2k/Saul-Instruct-v1-gdpr-finetuned-v2.2,sims2k,Saul-Instruct-v1-gdpr-finetuned-v2.2,text-generation,"[""transformers"", ""safetensors"", ""mistral"", ""text-generation"", ""GDPR"", ""Law"", ""English"", ""Data Protection"", ""conversational"", ""en"", ""dataset:sims2k/GDPR_QA_instruct_dataset"", ""base_model:Equall/Saul-7B-Instruct-v1"", ""base_model:finetune:Equall/Saul-7B-Instruct-v1"", ""license:mit"", ""autotrain_compatible"", ""text-generation-inference"", ""endpoints_compatible"", ""region:us""]",3,0,2024-07-10 16:33:07+00:00,2024-09-11 16:21:42+00:00,,https://huggingface.co/sims2k/Saul-Instruct-v1-gdpr-finetuned-v2.2,GDPR,2025-09-03T14:05:26Z,,strong-signal query hit,sims2k/Saul-Instruct-v1-gdpr-finetuned-v2.2,GDPR,False,reject,empty_readme
sims2k/Saul-Instruct-v1-gdpr-finetuned-v5.2,sims2k,Saul-Instruct-v1-gdpr-finetuned-v5.2,text-generation,"[""transformers"", ""safetensors"", ""mistral"", ""text-generation"", ""GDPR"", ""Law"", ""English"", ""Data Protection"", ""conversational"", ""en"", ""dataset:sims2k/GDPR_QA_instruct_dataset"", ""base_model:Equall/Saul-7B-Instruct-v1"", ""base_model:finetune:Equall/Saul-7B-Instruct-v1"", ""license:mit"", ""autotrain_compatible"", ""text-generation-inference"", ""endpoints_compatible"", ""region:us""]",3,2,2024-07-10 20:35:51+00:00,2024-09-11 16:20:31+00:00,,https://huggingface.co/sims2k/Saul-Instruct-v1-gdpr-finetuned-v5.2,GDPR,2025-09-03T14:05:27Z,,strong-signal query hit,sims2k/Saul-Instruct-v1-gdpr-finetuned-v5.2,GDPR,False,reject,empty_readme
sims2k/Saul-GDPR-v5.2-GGUF,sims2k,Saul-GDPR-v5.2-GGUF,,"[""transformers"", ""gguf"", ""GDPR"", ""Law"", ""English"", ""Data Protection"", ""en"", ""dataset:sims2k/GDPR_QA_instruct_dataset"", ""base_model:Equall/Saul-7B-Instruct-v1"", ""base_model:quantized:Equall/Saul-7B-Instruct-v1"", ""license:mit"", ""endpoints_compatible"", ""region:us"", ""conversational""]",19,3,2024-07-11 15:00:32+00:00,2024-09-11 16:19:46+00:00,,https://huggingface.co/sims2k/Saul-GDPR-v5.2-GGUF,GDPR,2025-09-03T14:05:27Z,,strong-signal query hit,sims2k/Saul-GDPR-v5.2,GDPR,False,reject,empty_readme
sims2k/Saul-GDPR-v4.2-GGUF,sims2k,Saul-GDPR-v4.2-GGUF,,"[""transformers"", ""gguf"", ""GDPR"", ""Law"", ""English"", ""Data Protection"", ""en"", ""dataset:sims2k/GDPR_QA_instruct_dataset"", ""base_model:Equall/Saul-7B-Instruct-v1"", ""base_model:quantized:Equall/Saul-7B-Instruct-v1"", ""license:mit"", ""endpoints_compatible"", ""region:us"", ""conversational""]",62,2,2024-07-14 13:46:45+00:00,2024-09-11 16:19:19+00:00,,https://huggingface.co/sims2k/Saul-GDPR-v4.2-GGUF,GDPR,2025-09-03T14:05:27Z,,strong-signal query hit,sims2k/Saul-GDPR-v4.2,GDPR,False,reject,empty_readme
rdhinaz/gdpr_consent_agreement,rdhinaz,gdpr_consent_agreement,text-classification,"[""transformers"", ""safetensors"", ""bert"", ""text-classification"", ""license:unknown"", ""autotrain_compatible"", ""endpoints_compatible"", ""region:us""]",485,0,2024-07-31 14:01:12+00:00,2024-10-16 15:55:14+00:00,,https://huggingface.co/rdhinaz/gdpr_consent_agreement,GDPR,2025-09-03T14:05:27Z,,strong-signal query hit,rdhinaz/gdpr_consent_agreement,,False,reject,empty_readme
BananaFish45/gdpr_personal_data,BananaFish45,gdpr_personal_data,text-classification,"[""transformers"", ""safetensors"", ""deberta-v2"", ""text-classification"", ""license:unknown"", ""autotrain_compatible"", ""endpoints_compatible"", ""region:us""]",588,0,2024-07-31 16:44:02+00:00,2024-07-31 16:47:46+00:00,,https://huggingface.co/BananaFish45/gdpr_personal_data,GDPR,2025-09-03T14:05:27Z,,strong-signal query hit,BananaFish45/gdpr_personal_data,,False,reject,empty_readme
rdhinaz/gdpr-NER,rdhinaz,gdpr-NER,,"[""license:unknown"", ""region:us""]",0,0,2024-08-03 19:07:39+00:00,2024-08-03 19:13:08+00:00,,https://huggingface.co/rdhinaz/gdpr-NER,GDPR,2025-09-03T14:05:28Z,,strong-signal query hit,rdhinaz/gdpr-NER,GDPR,False,reject,empty_readme
mradermacher/Llama3.1-GDPR-GGUF,mradermacher,Llama3.1-GDPR-GGUF,,"[""transformers"", ""gguf"", ""en"", ""endpoints_compatible"", ""region:us""]",29,0,2024-08-12 03:11:27+00:00,2024-08-12 04:02:46+00:00,,https://huggingface.co/mradermacher/Llama3.1-GDPR-GGUF,GDPR,2025-09-03T14:05:28Z,,strong-signal query hit,mradermacher/Llama3.1-GDPR,GDPR,False,reject,empty_readme
mradermacher/Llama3.1-GDPR-Instruct-GGUF,mradermacher,Llama3.1-GDPR-Instruct-GGUF,,"[""transformers"", ""gguf"", ""en"", ""base_model:alvwjy/Llama3.1-GDPR-Instruct"", ""base_model:quantized:alvwjy/Llama3.1-GDPR-Instruct"", ""endpoints_compatible"", ""region:us"", ""conversational""]",26,0,2024-08-12 03:23:58+00:00,2024-08-12 03:51:55+00:00,,https://huggingface.co/mradermacher/Llama3.1-GDPR-Instruct-GGUF,GDPR,2025-09-03T14:05:28Z,,strong-signal query hit,mradermacher/Llama3.1-GDPR-Instruct,GDPR,False,reject,empty_readme
metricspace/GDPR_Input_Detection_and_Anonymization_0.5B,metricspace,GDPR_Input_Detection_and_Anonymization_0.5B,,"[""safetensors"", ""qwen2"", ""license:apache-2.0"", ""region:us""]",13,4,2024-09-09 12:15:37+00:00,2025-01-21 14:54:17+00:00,,https://huggingface.co/metricspace/GDPR_Input_Detection_and_Anonymization_0.5B,GDPR,2025-09-03T14:05:28Z,,strong-signal query hit,metricspace/GDPR_Input_Detection_and_Anonymization_0.5B,,False,reject,empty_readme
gm168/Llama3.1-GDPR-Instruct,gm168,Llama3.1-GDPR-Instruct,text-generation,"[""transformers"", ""safetensors"", ""llama"", ""text-generation"", ""conversational"", ""arxiv:1910.09700"", ""autotrain_compatible"", ""text-generation-inference"", ""endpoints_compatible"", ""region:us""]",4,0,2024-09-19 03:06:08+00:00,2025-07-19 02:01:06+00:00,,https://huggingface.co/gm168/Llama3.1-GDPR-Instruct,GDPR,2025-09-03T14:05:28Z,,strong-signal query hit,gm168/Llama3.1-GDPR-Instruct,GDPR,False,reject,empty_readme
rdhinaz/GDPR-RAG,rdhinaz,GDPR-RAG,text-classification,"[""transformers"", ""safetensors"", ""bert"", ""text-classification"", ""base_model:google-bert/bert-base-uncased"", ""base_model:finetune:google-bert/bert-base-uncased"", ""autotrain_compatible"", ""endpoints_compatible"", ""region:us""]",472,0,2024-09-21 09:35:29+00:00,2024-09-21 17:58:52+00:00,,https://huggingface.co/rdhinaz/GDPR-RAG,GDPR,2025-09-03T14:05:29Z,,strong-signal query hit,rdhinaz/GDPR-RAG,GDPR,False,reject,empty_readme
rdhinaz/GDPR-RAG-DB,rdhinaz,GDPR-RAG-DB,,"[""license:unknown"", ""region:us""]",0,0,2024-09-26 15:21:28+00:00,2024-09-26 15:22:24+00:00,,https://huggingface.co/rdhinaz/GDPR-RAG-DB,GDPR,2025-09-03T14:05:29Z,,strong-signal query hit,rdhinaz/GDPR-RAG-DB,GDPR,False,reject,empty_readme
cycloevan/gdpr_gemma-2-2b,cycloevan,gdpr_gemma-2-2b,,"[""safetensors"", ""gemma2"", ""gemma"", ""gdpr"", ""compliance"", ""dpo"", ""en"", ""dataset:sims2k/GDPR_QA_instruct_dataset"", ""license:apache-2.0"", ""region:us""]",5,1,2024-09-29 17:25:11+00:00,2024-10-01 08:59:53+00:00,,https://huggingface.co/cycloevan/gdpr_gemma-2-2b,GDPR,2025-09-03T14:05:29Z,,strong-signal query hit,cycloevan/gdpr_gemma-2-2b,GDPR,False,reject,empty_readme
alvwjy/Llama3.1-GDPR-Instruct,alvwjy,Llama3.1-GDPR-Instruct,text-generation,"[""transformers"", ""safetensors"", ""llama"", ""text-generation"", ""conversational"", ""arxiv:1910.09700"", ""autotrain_compatible"", ""text-generation-inference"", ""endpoints_compatible"", ""region:us""]",4,0,2024-10-02 03:13:35+00:00,2024-10-02 19:29:25+00:00,,https://huggingface.co/alvwjy/Llama3.1-GDPR-Instruct,GDPR,2025-09-03T14:05:29Z,,strong-signal query hit,alvwjy/Llama3.1-GDPR-Instruct,GDPR,False,reject,empty_readme
metricspace/GDPR_Input_Detection_and_Anonymization-1.5,metricspace,GDPR_Input_Detection_and_Anonymization-1.5,text-generation,"[""transformers"", ""safetensors"", ""qwen2"", ""text-generation"", ""conversational"", ""arxiv:1910.09700"", ""autotrain_compatible"", ""text-generation-inference"", ""endpoints_compatible"", ""region:us""]",3,0,2024-12-16 14:45:21+00:00,2024-12-16 14:48:02+00:00,,https://huggingface.co/metricspace/GDPR_Input_Detection_and_Anonymization-1.5,GDPR,2025-09-03T14:05:30Z,,strong-signal query hit,metricspace/GDPR_Input_Detection_and_Anonymization-1.5,,False,reject,empty_readme
mradermacher/GDPR_Input_Detection_and_Anonymization-1.5-GGUF,mradermacher,GDPR_Input_Detection_and_Anonymization-1.5-GGUF,,"[""transformers"", ""gguf"", ""en"", ""base_model:metricspace/GDPR_Input_Detection_and_Anonymization-1.5"", ""base_model:quantized:metricspace/GDPR_Input_Detection_and_Anonymization-1.5"", ""endpoints_compatible"", ""region:us"", ""conversational""]",5,0,2024-12-16 17:25:52+00:00,2024-12-16 17:37:11+00:00,,https://huggingface.co/mradermacher/GDPR_Input_Detection_and_Anonymization-1.5-GGUF,GDPR,2025-09-03T14:05:30Z,,strong-signal query hit,mradermacher/GDPR_Input_Detection_and_Anonymization-1.5,,False,reject,empty_readme
metricspace/GDPR_Input_Detection_and_Anonymization-0.5B,metricspace,GDPR_Input_Detection_and_Anonymization-0.5B,,"[""transformers"", ""arxiv:1910.09700"", ""endpoints_compatible"", ""region:us""]",0,0,2025-01-21 11:01:17+00:00,2025-01-21 11:01:19+00:00,,https://huggingface.co/metricspace/GDPR_Input_Detection_and_Anonymization-0.5B,GDPR,2025-09-03T14:05:30Z,,strong-signal query hit,metricspace/GDPR_Input_Detection_and_Anonymization-0.5B,,False,reject,empty_readme
mradermacher/GDPR-Saul-Instruct-v1-GGUF,mradermacher,GDPR-Saul-Instruct-v1-GGUF,,"[""transformers"", ""gguf"", ""GDPR"", ""Law"", ""English"", ""Data Protection"", ""en"", ""dataset:sims2k/GDPR_QA_instruct_dataset"", ""base_model:sims2k/GDPR-Saul-Instruct-v1"", ""base_model:quantized:sims2k/GDPR-Saul-Instruct-v1"", ""license:mit"", ""endpoints_compatible"", ""region:us"", ""conversational""]",81,0,2025-03-13 10:21:39+00:00,2025-07-11 09:59:07+00:00,,https://huggingface.co/mradermacher/GDPR-Saul-Instruct-v1-GGUF,GDPR,2025-09-03T14:05:30Z,,strong-signal query hit,mradermacher/GDPR-Saul-Instruct-v1,GDPR,False,reject,empty_readme
gomez-ferreiro/gdpr-finetuned,gomez-ferreiro,gdpr-finetuned,,"[""transformers"", ""safetensors"", ""arxiv:1910.09700"", ""endpoints_compatible"", ""region:us""]",0,0,2025-04-16 13:24:03+00:00,2025-04-16 13:24:09+00:00,,https://huggingface.co/gomez-ferreiro/gdpr-finetuned,GDPR,2025-09-03T14:05:30Z,,strong-signal query hit,gomez-ferreiro/gdpr-finetuned,GDPR,False,reject,empty_readme
gdpredador/damasco,gdpredador,damasco,,"[""license:mit"", ""region:us""]",0,0,2025-04-19 01:44:35+00:00,2025-04-19 01:44:35+00:00,,https://huggingface.co/gdpredador/damasco,GDPR,2025-09-03T14:05:31Z,,strong-signal query hit,gdpredador/damasco,,False,reject,empty_readme
JQ1984/legalbert_gdpr_pretrained,JQ1984,legalbert_gdpr_pretrained,question-answering,"[""safetensors"", ""bert"", ""legal"", ""question-answering"", ""en"", ""dataset:JQ1984/GDPRcasedata"", ""base_model:nlpaueb/legal-bert-base-uncased"", ""base_model:finetune:nlpaueb/legal-bert-base-uncased"", ""doi:10.57967/hf/5396"", ""license:cc-by-nc-4.0"", ""region:us""]",3,0,2025-05-01 11:07:26+00:00,2025-05-01 11:18:27+00:00,,https://huggingface.co/JQ1984/legalbert_gdpr_pretrained,GDPR,2025-09-03T14:05:31Z,,strong-signal query hit,JQ1984/legalbert_gdpr_pretrained,,False,reject,empty_readme
JQ1984/violation_result_GDPR_prediction,JQ1984,violation_result_GDPR_prediction,text-classification,"[""safetensors"", ""bert"", ""legal"", ""text-classification"", ""en"", ""dataset:JQ1984/GDPRcasedata"", ""base_model:JQ1984/legalbert_gdpr_pretrained"", ""base_model:finetune:JQ1984/legalbert_gdpr_pretrained"", ""license:cc-by-sa-4.0"", ""region:us""]",4,1,2025-05-01 12:16:16+00:00,2025-06-21 13:57:32+00:00,,https://huggingface.co/JQ1984/violation_result_GDPR_prediction,GDPR,2025-09-03T14:05:31Z,,strong-signal query hit,JQ1984/violation_result_GDPR_prediction,,False,reject,empty_readme
JQ1984/GDPR_clause_prediction_legalbert_model,JQ1984,GDPR_clause_prediction_legalbert_model,text-classification,"[""safetensors"", ""bert"", ""text-classification"", ""en"", ""dataset:JQ1984/GDPRcasedata"", ""base_model:JQ1984/legalbert_gdpr_pretrained"", ""base_model:finetune:JQ1984/legalbert_gdpr_pretrained"", ""license:cc-by-sa-4.0"", ""region:us""]",4,1,2025-05-02 16:24:16+00:00,2025-05-02 16:38:50+00:00,,https://huggingface.co/JQ1984/GDPR_clause_prediction_legalbert_model,GDPR,2025-09-03T14:05:31Z,,strong-signal query hit,JQ1984/GDPR_clause_prediction_legalbert_model,,False,reject,empty_readme
JQ1984/GDPR_llama_finetuned,JQ1984,GDPR_llama_finetuned,,"[""peft"", ""safetensors"", ""arxiv:1910.09700"", ""base_model:unsloth/Meta-Llama-3.1-8B-Instruct"", ""base_model:adapter:unsloth/Meta-Llama-3.1-8B-Instruct"", ""region:us""]",4,0,2025-05-03 14:56:19+00:00,2025-05-03 15:30:28+00:00,,https://huggingface.co/JQ1984/GDPR_llama_finetuned,GDPR,2025-09-03T14:05:31Z,,strong-signal query hit,JQ1984/GDPR_llama_finetuned,,False,reject,empty_readme
aliREA/cimphony-gdpr-7B,aliREA,cimphony-gdpr-7B,,"[""peft"", ""tensorboard"", ""safetensors"", ""trl"", ""sft"", ""generated_from_trainer"", ""base_model:mistralai/Mistral-7B-v0.1"", ""base_model:adapter:mistralai/Mistral-7B-v0.1"", ""license:apache-2.0"", ""region:us""]",5,0,2025-06-28 10:09:34+00:00,2025-06-28 10:11:33+00:00,,https://huggingface.co/aliREA/cimphony-gdpr-7B,GDPR,2025-09-03T14:05:32Z,,strong-signal query hit,aliREA/cimphony-gdpr-7B,GDPR,False,reject,empty_readme
aliREA/cimphony-GDPRcompliance,aliREA,cimphony-GDPRcompliance,,"[""peft"", ""tensorboard"", ""safetensors"", ""trl"", ""sft"", ""generated_from_trainer"", ""base_model:mistralai/Mistral-7B-v0.1"", ""base_model:adapter:mistralai/Mistral-7B-v0.1"", ""license:apache-2.0"", ""region:us""]",3,0,2025-06-29 11:32:20+00:00,2025-06-29 11:33:40+00:00,,https://huggingface.co/aliREA/cimphony-GDPRcompliance,GDPR,2025-09-03T14:05:32Z,,strong-signal query hit,aliREA/cimphony-GDPRcompliance,,False,reject,empty_readme
aliREA/cimphony-compliance-GDPR,aliREA,cimphony-compliance-GDPR,,"[""peft"", ""tensorboard"", ""safetensors"", ""trl"", ""sft"", ""generated_from_trainer"", ""base_model:mistralai/Mistral-7B-v0.1"", ""base_model:adapter:mistralai/Mistral-7B-v0.1"", ""license:apache-2.0"", ""region:us""]",3,0,2025-06-29 12:21:00+00:00,2025-06-29 12:26:56+00:00,,https://huggingface.co/aliREA/cimphony-compliance-GDPR,GDPR,2025-09-03T14:05:32Z,,strong-signal query hit,aliREA/cimphony-compliance-GDPR,GDPR,False,reject,empty_readme
aliREA/cimphony-GDPR,aliREA,cimphony-GDPR,,"[""peft"", ""safetensors"", ""arxiv:1910.09700"", ""base_model:mistralai/Mistral-7B-v0.1"", ""base_model:adapter:mistralai/Mistral-7B-v0.1"", ""region:us""]",34,0,2025-08-05 12:59:09+00:00,2025-08-05 12:59:21+00:00,,https://huggingface.co/aliREA/cimphony-GDPR,GDPR,2025-09-03T14:05:32Z,,strong-signal query hit,aliREA/cimphony-GDPR,GDPR,False,reject,empty_readme
aliREA/cimphony-Final-GDPR-COMPLIANCE,aliREA,cimphony-Final-GDPR-COMPLIANCE,,"[""peft"", ""safetensors"", ""arxiv:1910.09700"", ""base_model:mistralai/Mistral-7B-v0.1"", ""base_model:adapter:mistralai/Mistral-7B-v0.1"", ""region:us""]",14,0,2025-08-05 15:46:31+00:00,2025-08-05 15:47:26+00:00,,https://huggingface.co/aliREA/cimphony-Final-GDPR-COMPLIANCE,GDPR,2025-09-03T14:05:32Z,,strong-signal query hit,aliREA/cimphony-Final-GDPR-COMPLIANCE,GDPR,False,reject,empty_readme
gm168/DeepSeek-R1-Distill-Qwen-7B-GDPR-Instruct,gm168,DeepSeek-R1-Distill-Qwen-7B-GDPR-Instruct,text-generation,"[""transformers"", ""safetensors"", ""qwen2"", ""text-generation"", ""trl"", ""sft"", ""conversational"", ""arxiv:1910.09700"", ""autotrain_compatible"", ""text-generation-inference"", ""endpoints_compatible"", ""4-bit"", ""bitsandbytes"", ""region:us""]",18,0,2025-08-27 05:13:11+00:00,2025-08-30 01:26:31+00:00,,https://huggingface.co/gm168/DeepSeek-R1-Distill-Qwen-7B-GDPR-Instruct,GDPR,2025-09-03T14:05:33Z,,strong-signal query hit,gm168/DeepSeek-R1-Distill-Qwen-7B-GDPR-Instruct,GDPR,False,reject,empty_readme
gm168/DeepSeek-R1-Distill-Qwen-7B-GDPR,gm168,DeepSeek-R1-Distill-Qwen-7B-GDPR,,"[""transformers"", ""safetensors"", ""arxiv:1910.09700"", ""endpoints_compatible"", ""region:us""]",0,0,2025-08-30 00:53:06+00:00,2025-08-30 00:53:16+00:00,,https://huggingface.co/gm168/DeepSeek-R1-Distill-Qwen-7B-GDPR,GDPR,2025-09-03T14:05:33Z,,strong-signal query hit,gm168/DeepSeek-R1-Distill-Qwen-7B-GDPR,GDPR,False,reject,empty_readme
ARI-HIPA-AI-Team/HIPA-AI_Model,ARI-HIPA-AI-Team,HIPA-AI_Model,text-classification,"[""keras"", ""healthcare"", ""HIPAA"", ""federal_regulations"", ""text-classification"", ""en"", ""dataset:ARI-HIPA-AI-Team/Dataset"", ""license:apache-2.0"", ""region:us""]",15,0,2024-12-04 22:56:40+00:00,2024-12-08 19:26:55+00:00,,https://huggingface.co/ARI-HIPA-AI-Team/HIPA-AI_Model,HIPAA,2025-09-03T14:05:33Z,,strong-signal query hit,ARI-HIPA-AI-Team/HIPA-AI_Model,HIPAA,False,reject,empty_readme
barek2k2/bert_hipaa_sensitive_db_schema,barek2k2,bert_hipaa_sensitive_db_schema,text-classification,"[""transformers"", ""safetensors"", ""bert"", ""text-classification"", ""BERT"", ""HIPAA"", ""PHI"", ""LLM"", ""sensitive data"", ""classification"", ""healthcare"", ""mHealth Application"", ""cybersecurity"", ""database"", ""column name classifier"", ""data field classifier"", ""huggingface"", ""en"", ""license:mit"", ""autotrain_compatible"", ""endpoints_compatible"", ""region:us""]",65,1,2025-05-02 00:46:19+00:00,2025-06-17 23:03:08+00:00,,https://huggingface.co/barek2k2/bert_hipaa_sensitive_db_schema,HIPAA,2025-09-03T14:05:34Z,,strong-signal query hit,barek2k2/bert_hipaa_sensitive_db_schema,HIPAA,False,reject,empty_readme
josephimperial/deepseek_R1_qwen_32b_hipaa_finetuned_rawPRT,josephimperial,deepseek_R1_qwen_32b_hipaa_finetuned_rawPRT,,"[""safetensors"", ""qwen2"", ""region:us""]",7,0,2025-07-01 07:53:09+00:00,2025-07-01 08:01:08+00:00,,https://huggingface.co/josephimperial/deepseek_R1_qwen_32b_hipaa_finetuned_rawPRT,HIPAA,2025-09-03T14:05:34Z,,strong-signal query hit,josephimperial/deepseek_R1_qwen_32b_hipaa_finetuned_rawPRT,,False,reject,empty_readme
josephimperial/deepseek_R1_llama3_8b_hipaa_finetuned_rawPRT_goldcoin,josephimperial,deepseek_R1_llama3_8b_hipaa_finetuned_rawPRT_goldcoin,,"[""safetensors"", ""llama"", ""region:us""]",7,0,2025-07-04 15:39:51+00:00,2025-07-04 15:42:54+00:00,,https://huggingface.co/josephimperial/deepseek_R1_llama3_8b_hipaa_finetuned_rawPRT_goldcoin,HIPAA,2025-09-03T14:05:34Z,,strong-signal query hit,josephimperial/deepseek_R1_llama3_8b_hipaa_finetuned_rawPRT_goldcoin,,False,reject,empty_readme
josephimperial/deepseek_R1_qwen_32b_hipaa_finetuned_rawPRT_goldcoin,josephimperial,deepseek_R1_qwen_32b_hipaa_finetuned_rawPRT_goldcoin,,"[""safetensors"", ""qwen2"", ""region:us""]",8,0,2025-07-06 09:21:25+00:00,2025-07-06 09:28:12+00:00,,https://huggingface.co/josephimperial/deepseek_R1_qwen_32b_hipaa_finetuned_rawPRT_goldcoin,HIPAA,2025-09-03T14:05:34Z,,strong-signal query hit,josephimperial/deepseek_R1_qwen_32b_hipaa_finetuned_rawPRT_goldcoin,,False,reject,empty_readme
josephimperial/meta_llama3.1_8b_hipaa_finetuned_rawPRT_goldcoin,josephimperial,meta_llama3.1_8b_hipaa_finetuned_rawPRT_goldcoin,,"[""safetensors"", ""llama"", ""region:us""]",6,0,2025-07-19 13:28:38+00:00,2025-07-19 13:30:55+00:00,,https://huggingface.co/josephimperial/meta_llama3.1_8b_hipaa_finetuned_rawPRT_goldcoin,HIPAA,2025-09-03T14:05:34Z,,strong-signal query hit,josephimperial/meta_llama3.1_8b_hipaa_finetuned_rawPRT_goldcoin,,False,reject,empty_readme
josephimperial/meta_llama3.0_8b_hipaa_finetuned_rawPRT_goldcoin,josephimperial,meta_llama3.0_8b_hipaa_finetuned_rawPRT_goldcoin,,"[""safetensors"", ""llama"", ""region:us""]",7,0,2025-07-20 09:26:27+00:00,2025-07-20 13:44:09+00:00,,https://huggingface.co/josephimperial/meta_llama3.0_8b_hipaa_finetuned_rawPRT_goldcoin,HIPAA,2025-09-03T14:05:35Z,,strong-signal query hit,josephimperial/meta_llama3.0_8b_hipaa_finetuned_rawPRT_goldcoin,,False,reject,empty_readme
josephimperial/deepseek_R1_llama3_8b_hipaa_finetuned_generalist,josephimperial,deepseek_R1_llama3_8b_hipaa_finetuned_generalist,,"[""safetensors"", ""llama"", ""region:us""]",13,0,2025-08-09 19:10:38+00:00,2025-08-09 19:23:03+00:00,,https://huggingface.co/josephimperial/deepseek_R1_llama3_8b_hipaa_finetuned_generalist,HIPAA,2025-09-03T14:05:35Z,,strong-signal query hit,josephimperial/deepseek_R1_llama3_8b_hipaa_finetuned_generalist,,False,reject,empty_readme
josephimperial/deepseek_R1_llama3_8b_hipaa_finetuned_specialist,josephimperial,deepseek_R1_llama3_8b_hipaa_finetuned_specialist,,"[""safetensors"", ""llama"", ""region:us""]",26,0,2025-08-09 19:10:47+00:00,2025-08-09 19:11:51+00:00,,https://huggingface.co/josephimperial/deepseek_R1_llama3_8b_hipaa_finetuned_specialist,HIPAA,2025-09-03T14:05:35Z,,strong-signal query hit,josephimperial/deepseek_R1_llama3_8b_hipaa_finetuned_specialist,,False,reject,empty_readme
josephimperial/deepseek_R1_llama3_8b_hipaa_finetuned_generalist_epoch3,josephimperial,deepseek_R1_llama3_8b_hipaa_finetuned_generalist_epoch3,,"[""safetensors"", ""llama"", ""region:us""]",14,0,2025-08-11 04:54:11+00:00,2025-08-11 04:58:05+00:00,,https://huggingface.co/josephimperial/deepseek_R1_llama3_8b_hipaa_finetuned_generalist_epoch3,HIPAA,2025-09-03T14:05:35Z,,strong-signal query hit,josephimperial/deepseek_R1_llama3_8b_hipaa_finetuned_generalist_epoch3,,False,reject,empty_readme
josephimperial/deepseek_R1_llama3_8b_hipaa_finetuned_specialist_epoch3,josephimperial,deepseek_R1_llama3_8b_hipaa_finetuned_specialist_epoch3,,"[""safetensors"", ""llama"", ""region:us""]",15,0,2025-08-11 04:54:23+00:00,2025-08-11 04:58:57+00:00,,https://huggingface.co/josephimperial/deepseek_R1_llama3_8b_hipaa_finetuned_specialist_epoch3,HIPAA,2025-09-03T14:05:35Z,,strong-signal query hit,josephimperial/deepseek_R1_llama3_8b_hipaa_finetuned_specialist_epoch3,,False,reject,empty_readme
josephimperial/hipaa_saul54b_deepseek_r1_llama3_8b_dagger_balanced_scp,josephimperial,hipaa_saul54b_deepseek_r1_llama3_8b_dagger_balanced_scp,,"[""safetensors"", ""llama"", ""region:us""]",14,0,2025-08-12 03:06:17+00:00,2025-08-12 03:11:52+00:00,,https://huggingface.co/josephimperial/hipaa_saul54b_deepseek_r1_llama3_8b_dagger_balanced_scp,HIPAA,2025-09-03T14:05:36Z,,strong-signal query hit,josephimperial/hipaa_saul54b_deepseek_r1_llama3_8b_dagger_balanced_scp,,False,reject,empty_readme
josephimperial/hipaa_saul54b_deepseek_r1_llama3_8b_dagger_strongstart_scp,josephimperial,hipaa_saul54b_deepseek_r1_llama3_8b_dagger_strongstart_scp,,"[""safetensors"", ""llama"", ""region:us""]",18,0,2025-08-12 03:06:29+00:00,2025-08-12 03:10:49+00:00,,https://huggingface.co/josephimperial/hipaa_saul54b_deepseek_r1_llama3_8b_dagger_strongstart_scp,HIPAA,2025-09-03T14:05:36Z,,strong-signal query hit,josephimperial/hipaa_saul54b_deepseek_r1_llama3_8b_dagger_strongstart_scp,,False,reject,empty_readme
josephimperial/hipaa_saul54b_meta_llama3.1_8b_dagger_balanced_scp,josephimperial,hipaa_saul54b_meta_llama3.1_8b_dagger_balanced_scp,,"[""safetensors"", ""llama"", ""region:us""]",9,0,2025-08-12 08:39:37+00:00,2025-08-12 09:11:06+00:00,,https://huggingface.co/josephimperial/hipaa_saul54b_meta_llama3.1_8b_dagger_balanced_scp,HIPAA,2025-09-03T14:05:36Z,,strong-signal query hit,josephimperial/hipaa_saul54b_meta_llama3.1_8b_dagger_balanced_scp,,False,reject,empty_readme
RuudFontys/socratic-tutor-qwen2.5,RuudFontys,socratic-tutor-qwen2.5,text-generation,"[""safetensors"", ""gguf"", ""qwen2"", ""socratic-method"", ""education"", ""tutoring"", ""instruction"", ""qwen2.5"", ""ollama"", ""unsloth"", ""text-generation"", ""conversational"", ""en"", ""base_model:unsloth/Qwen2.5-7B-Instruct"", ""base_model:quantized:unsloth/Qwen2.5-7B-Instruct"", ""license:mit"", ""endpoints_compatible"", ""region:us""]",27,1,2025-07-16 08:04:30+00:00,2025-07-16 09:22:55+00:00,,https://huggingface.co/RuudFontys/socratic-tutor-qwen2.5,SOC 2,2025-09-03T14:05:37Z,,strong-signal query hit,RuudFontys/socratic-tutor-qwen2.5,,False,reject,empty_readme
Akuva2001/SocialGraph,Akuva2001,SocialGraph,,"[""region:us""]",0,0,2022-03-02 23:29:04+00:00,2021-12-24 16:36:16+00:00,,https://huggingface.co/Akuva2001/SocialGraph,SOC 2,2025-09-03T14:05:38Z,,strong-signal query hit,Akuva2001/SocialGraph,,False,reject,empty_readme
Alerosae/SocratesGPT-2,Alerosae,SocratesGPT-2,text-generation,"[""transformers"", ""pytorch"", ""gpt2"", ""feature-extraction"", ""text-generation"", ""en"", ""text-generation-inference"", ""endpoints_compatible"", ""region:us""]",7,0,2022-03-02 23:29:04+00:00,2021-12-20 12:36:38+00:00,,https://huggingface.co/Alerosae/SocratesGPT-2,SOC 2,2025-09-03T14:05:38Z,,strong-signal query hit,Alerosae/SocratesGPT-2,,False,reject,empty_readme
Socram09/DialoGPT-small-ia-bot2,Socram09,DialoGPT-small-ia-bot2,,"[""region:us""]",0,0,2022-03-02 23:29:05+00:00,2021-12-10 07:37:31+00:00,,https://huggingface.co/Socram09/DialoGPT-small-ia-bot2,SOC 2,2025-09-03T14:05:38Z,,strong-signal query hit,Socram09/DialoGPT-small-ia-bot2,,False,reject,empty_readme
pere/norwegian-gpt2-social,pere,norwegian-gpt2-social,text-generation,"[""transformers"", ""pytorch"", ""jax"", ""tensorboard"", ""gpt2"", ""text-generation"", ""norwegian"", ""GPT2"", ""casual language modeling"", ""no"", ""license:cc-by-4.0"", ""autotrain_compatible"", ""text-generation-inference"", ""endpoints_compatible"", ""region:us""]",16,1,2022-03-02 23:29:05+00:00,2021-11-01 11:01:55+00:00,,https://huggingface.co/pere/norwegian-gpt2-social,SOC 2,2025-09-03T14:05:38Z,,strong-signal query hit,pere/norwegian-gpt2-social,,False,reject,empty_readme
socialmediaie/TRAC2020_ALL_A_bert-base-multilingual-uncased,socialmediaie,TRAC2020_ALL_A_bert-base-multilingual-uncased,text-classification,"[""transformers"", ""pytorch"", ""jax"", ""safetensors"", ""bert"", ""text-classification"", ""autotrain_compatible"", ""endpoints_compatible"", ""region:us""]",10,0,2022-03-02 23:29:05+00:00,2023-09-07 08:09:46+00:00,,https://huggingface.co/socialmediaie/TRAC2020_ALL_A_bert-base-multilingual-uncased,SOC 2,2025-09-03T14:05:38Z,,strong-signal query hit,socialmediaie/TRAC2020_ALL_A_bert-base-multilingual-uncased,,False,reject,empty_readme
socialmediaie/TRAC2020_ALL_B_bert-base-multilingual-uncased,socialmediaie,TRAC2020_ALL_B_bert-base-multilingual-uncased,text-classification,"[""transformers"", ""pytorch"", ""jax"", ""bert"", ""text-classification"", ""autotrain_compatible"", ""endpoints_compatible"", ""region:us""]",14,0,2022-03-02 23:29:05+00:00,2021-05-20 06:53:23+00:00,,https://huggingface.co/socialmediaie/TRAC2020_ALL_B_bert-base-multilingual-uncased,SOC 2,2025-09-03T14:05:39Z,,strong-signal query hit,socialmediaie/TRAC2020_ALL_B_bert-base-multilingual-uncased,,False,reject,empty_readme
socialmediaie/TRAC2020_ALL_C_bert-base-multilingual-uncased,socialmediaie,TRAC2020_ALL_C_bert-base-multilingual-uncased,text-classification,"[""transformers"", ""pytorch"", ""jax"", ""safetensors"", ""bert"", ""text-classification"", ""autotrain_compatible"", ""endpoints_compatible"", ""region:us""]",19,0,2022-03-02 23:29:05+00:00,2023-07-19 17:46:31+00:00,,https://huggingface.co/socialmediaie/TRAC2020_ALL_C_bert-base-multilingual-uncased,SOC 2,2025-09-03T14:05:39Z,,strong-signal query hit,socialmediaie/TRAC2020_ALL_C_bert-base-multilingual-uncased,,False,reject,empty_readme
socialmediaie/TRAC2020_ENG_A_bert-base-uncased,socialmediaie,TRAC2020_ENG_A_bert-base-uncased,text-classification,"[""transformers"", ""pytorch"", ""jax"", ""safetensors"", ""bert"", ""text-classification"", ""autotrain_compatible"", ""endpoints_compatible"", ""region:us""]",14,0,2022-03-02 23:29:05+00:00,2023-07-19 17:46:49+00:00,,https://huggingface.co/socialmediaie/TRAC2020_ENG_A_bert-base-uncased,SOC 2,2025-09-03T14:05:39Z,,strong-signal query hit,socialmediaie/TRAC2020_ENG_A_bert-base-uncased,,False,reject,empty_readme
socialmediaie/TRAC2020_ENG_B_bert-base-uncased,socialmediaie,TRAC2020_ENG_B_bert-base-uncased,text-classification,"[""transformers"", ""pytorch"", ""jax"", ""safetensors"", ""bert"", ""text-classification"", ""autotrain_compatible"", ""endpoints_compatible"", ""region:us""]",11,0,2022-03-02 23:29:05+00:00,2023-03-22 16:39:22+00:00,,https://huggingface.co/socialmediaie/TRAC2020_ENG_B_bert-base-uncased,SOC 2,2025-09-03T14:05:39Z,,strong-signal query hit,socialmediaie/TRAC2020_ENG_B_bert-base-uncased,,False,reject,empty_readme
socialmediaie/TRAC2020_ENG_C_bert-base-uncased,socialmediaie,TRAC2020_ENG_C_bert-base-uncased,text-classification,"[""transformers"", ""pytorch"", ""jax"", ""bert"", ""text-classification"", ""autotrain_compatible"", ""endpoints_compatible"", ""region:us""]",12,0,2022-03-02 23:29:05+00:00,2021-05-20 06:57:39+00:00,,https://huggingface.co/socialmediaie/TRAC2020_ENG_C_bert-base-uncased,SOC 2,2025-09-03T14:05:40Z,,strong-signal query hit,socialmediaie/TRAC2020_ENG_C_bert-base-uncased,,False,reject,empty_readme
socialmediaie/TRAC2020_HIN_A_bert-base-multilingual-uncased,socialmediaie,TRAC2020_HIN_A_bert-base-multilingual-uncased,text-classification,"[""transformers"", ""pytorch"", ""jax"", ""bert"", ""text-classification"", ""autotrain_compatible"", ""endpoints_compatible"", ""region:us""]",12,0,2022-03-02 23:29:05+00:00,2021-05-20 06:58:51+00:00,,https://huggingface.co/socialmediaie/TRAC2020_HIN_A_bert-base-multilingual-uncased,SOC 2,2025-09-03T14:05:40Z,,strong-signal query hit,socialmediaie/TRAC2020_HIN_A_bert-base-multilingual-uncased,,False,reject,empty_readme
socialmediaie/TRAC2020_HIN_B_bert-base-multilingual-uncased,socialmediaie,TRAC2020_HIN_B_bert-base-multilingual-uncased,text-classification,"[""transformers"", ""pytorch"", ""jax"", ""bert"", ""text-classification"", ""autotrain_compatible"", ""endpoints_compatible"", ""region:us""]",14,0,2022-03-02 23:29:05+00:00,2021-05-20 07:00:11+00:00,,https://huggingface.co/socialmediaie/TRAC2020_HIN_B_bert-base-multilingual-uncased,SOC 2,2025-09-03T14:05:40Z,,strong-signal query hit,socialmediaie/TRAC2020_HIN_B_bert-base-multilingual-uncased,,False,reject,empty_readme
socialmediaie/TRAC2020_HIN_C_bert-base-multilingual-uncased,socialmediaie,TRAC2020_HIN_C_bert-base-multilingual-uncased,text-classification,"[""transformers"", ""pytorch"", ""jax"", ""bert"", ""text-classification"", ""autotrain_compatible"", ""endpoints_compatible"", ""region:us""]",13,0,2022-03-02 23:29:05+00:00,2021-05-20 07:01:31+00:00,,https://huggingface.co/socialmediaie/TRAC2020_HIN_C_bert-base-multilingual-uncased,SOC 2,2025-09-03T14:05:40Z,,strong-signal query hit,socialmediaie/TRAC2020_HIN_C_bert-base-multilingual-uncased,,False,reject,empty_readme
socialmediaie/TRAC2020_IBEN_A_bert-base-multilingual-uncased,socialmediaie,TRAC2020_IBEN_A_bert-base-multilingual-uncased,text-classification,"[""transformers"", ""pytorch"", ""jax"", ""safetensors"", ""bert"", ""text-classification"", ""autotrain_compatible"", ""endpoints_compatible"", ""region:us""]",12,0,2022-03-02 23:29:05+00:00,2024-04-27 18:20:51+00:00,,https://huggingface.co/socialmediaie/TRAC2020_IBEN_A_bert-base-multilingual-uncased,SOC 2,2025-09-03T14:05:40Z,,strong-signal query hit,socialmediaie/TRAC2020_IBEN_A_bert-base-multilingual-uncased,,False,reject,empty_readme
socialmediaie/TRAC2020_IBEN_B_bert-base-multilingual-uncased,socialmediaie,TRAC2020_IBEN_B_bert-base-multilingual-uncased,text-classification,"[""transformers"", ""pytorch"", ""jax"", ""safetensors"", ""bert"", ""text-classification"", ""autotrain_compatible"", ""endpoints_compatible"", ""region:us""]",11,0,2022-03-02 23:29:05+00:00,2023-03-24 16:09:35+00:00,,https://huggingface.co/socialmediaie/TRAC2020_IBEN_B_bert-base-multilingual-uncased,SOC 2,2025-09-03T14:05:41Z,,strong-signal query hit,socialmediaie/TRAC2020_IBEN_B_bert-base-multilingual-uncased,,False,reject,empty_readme
socialmediaie/TRAC2020_IBEN_C_bert-base-multilingual-uncased,socialmediaie,TRAC2020_IBEN_C_bert-base-multilingual-uncased,text-classification,"[""transformers"", ""pytorch"", ""jax"", ""safetensors"", ""bert"", ""text-classification"", ""autotrain_compatible"", ""endpoints_compatible"", ""region:us""]",14,0,2022-03-02 23:29:05+00:00,2023-07-19 17:46:42+00:00,,https://huggingface.co/socialmediaie/TRAC2020_IBEN_C_bert-base-multilingual-uncased,SOC 2,2025-09-03T14:05:41Z,,strong-signal query hit,socialmediaie/TRAC2020_IBEN_C_bert-base-multilingual-uncased,,False,reject,empty_readme
socrates/socrates2.0,socrates,socrates2.0,text-generation,"[""transformers"", ""pytorch"", ""gpt2"", ""text-generation"", ""autotrain_compatible"", ""text-generation-inference"", ""endpoints_compatible"", ""region:us""]",13,0,2022-03-02 23:29:05+00:00,2022-01-14 16:07:04+00:00,,https://huggingface.co/socrates/socrates2.0,SOC 2,2025-09-03T14:05:41Z,,strong-signal query hit,socrates/socrates2.0,,False,reject,empty_readme
soccerfocker/wav2vec2-base-timit-demo-google-colab,soccerfocker,wav2vec2-base-timit-demo-google-colab,,"[""region:us""]",0,0,2022-05-14 17:58:46+00:00,2022-05-14 17:58:52+00:00,,https://huggingface.co/soccerfocker/wav2vec2-base-timit-demo-google-colab,SOC 2,2025-09-03T14:05:41Z,,strong-signal query hit,soccerfocker/wav2vec2-base-timit-demo-google-colab,,False,reject,empty_readme
ajtamayoh/NLP-CIC-WFU_SocialDisNER_fine_tuned_NER_EHR_Spanish_model_Mulitlingual_BERT_v2,ajtamayoh,NLP-CIC-WFU_SocialDisNER_fine_tuned_NER_EHR_Spanish_model_Mulitlingual_BERT_v2,token-classification,"[""transformers"", ""pytorch"", ""tensorboard"", ""bert"", ""token-classification"", ""generated_from_trainer"", ""license:apache-2.0"", ""autotrain_compatible"", ""endpoints_compatible"", ""region:us""]",4,0,2022-07-03 19:37:20+00:00,2022-11-10 16:16:13+00:00,,https://huggingface.co/ajtamayoh/NLP-CIC-WFU_SocialDisNER_fine_tuned_NER_EHR_Spanish_model_Mulitlingual_BERT_v2,SOC 2,2025-09-03T14:05:41Z,,strong-signal query hit,ajtamayoh/NLP-CIC-WFU_SocialDisNER_fine_tuned_NER_EHR_Spanish_model_Mulitlingual_BERT_v2,,False,reject,empty_readme
allenai/System3_DREAM_FLUTE_social_norm_FigLang2022,allenai,System3_DREAM_FLUTE_social_norm_FigLang2022,,"[""transformers"", ""pytorch"", ""t5"", ""text2text-generation"", ""en"", ""dataset:ColumbiaNLP/FLUTE"", ""arxiv:2210.16407"", ""arxiv:2112.08656"", ""license:cc-by-4.0"", ""text-generation-inference"", ""endpoints_compatible"", ""region:us""]",37,0,2022-10-18 23:08:37+00:00,2023-11-22 19:31:10+00:00,,https://huggingface.co/allenai/System3_DREAM_FLUTE_social_norm_FigLang2022,SOC 2,2025-09-03T14:05:42Z,,strong-signal query hit,allenai/System3_DREAM_FLUTE_social_norm_FigLang2022,,False,reject,empty_readme
Kwaku/social_media_sa_finetuned_2,Kwaku,social_media_sa_finetuned_2,text-classification,"[""transformers"", ""pytorch"", ""distilbert"", ""text-classification"", ""eng"", ""dataset:banking77"", ""autotrain_compatible"", ""endpoints_compatible"", ""region:us""]",4,0,2022-12-11 17:12:39+00:00,2022-12-15 11:25:09+00:00,,https://huggingface.co/Kwaku/social_media_sa_finetuned_2,SOC 2,2025-09-03T14:05:42Z,,strong-signal query hit,Kwaku/social_media_sa_finetuned_2,,False,reject,empty_readme
nlpotato/kogpt2_chatbot_social_media-e10,nlpotato,kogpt2_chatbot_social_media-e10,text-generation,"[""transformers"", ""pytorch"", ""gpt2"", ""text-generation"", ""autotrain_compatible"", ""text-generation-inference"", ""endpoints_compatible"", ""region:us""]",12,2,2023-01-17 04:13:39+00:00,2023-01-17 08:47:07+00:00,,https://huggingface.co/nlpotato/kogpt2_chatbot_social_media-e10,SOC 2,2025-09-03T14:05:42Z,,strong-signal query hit,nlpotato/kogpt2_chatbot_social_media-e10,,False,reject,empty_readme
nlpotato/kobart_chatbot_social_media-e10_2,nlpotato,kobart_chatbot_social_media-e10_2,,"[""transformers"", ""pytorch"", ""bart"", ""text2text-generation"", ""datacollator"", ""hyunwoongko/kobart"", ""ko"", ""dataset:nlpotato/chatbot_social_media"", ""license:mit"", ""endpoints_compatible"", ""region:us""]",10,1,2023-01-22 07:36:15+00:00,2023-01-23 06:13:20+00:00,,https://huggingface.co/nlpotato/kobart_chatbot_social_media-e10_2,SOC 2,2025-09-03T14:05:42Z,,strong-signal query hit,nlpotato/kobart_chatbot_social_media-e10_2,,False,reject,empty_readme
stevaras2/poca-SoccerTwos,stevaras2,poca-SoccerTwos,reinforcement-learning,"[""ml-agents"", ""tensorboard"", ""onnx"", ""unity-ml-agents"", ""deep-reinforcement-learning"", ""reinforcement-learning"", ""ML-Agents-SoccerTwos"", ""region:us""]",2,0,2023-02-02 13:11:36+00:00,2023-02-02 13:19:26+00:00,,https://huggingface.co/stevaras2/poca-SoccerTwos,SOC 2,2025-09-03T14:05:42Z,,strong-signal query hit,stevaras2/poca-SoccerTwos,,False,reject,empty_readme
stevaras2/SoccerTwo,stevaras2,SoccerTwo,,"[""region:us""]",0,0,2023-02-02 13:15:48+00:00,2023-02-02 13:15:48+00:00,,https://huggingface.co/stevaras2/SoccerTwo,SOC 2,2025-09-03T14:05:43Z,,strong-signal query hit,stevaras2/SoccerTwo,,False,reject,empty_readme
bitcloud2/SoccerTwos,bitcloud2,SoccerTwos,reinforcement-learning,"[""ml-agents"", ""tensorboard"", ""onnx"", ""unity-ml-agents"", ""deep-reinforcement-learning"", ""reinforcement-learning"", ""ML-Agents-SoccerTwos"", ""region:us""]",10,0,2023-02-03 11:49:11+00:00,2023-02-03 12:08:37+00:00,,https://huggingface.co/bitcloud2/SoccerTwos,SOC 2,2025-09-03T14:05:43Z,,strong-signal query hit,bitcloud2/SoccerTwos,,False,reject,empty_readme
Lakoc/poca-SoccerTwos-v2,Lakoc,poca-SoccerTwos-v2,reinforcement-learning,"[""ml-agents"", ""tensorboard"", ""onnx"", ""unity-ml-agents"", ""deep-reinforcement-learning"", ""reinforcement-learning"", ""ML-Agents-SoccerTwos"", ""region:us""]",2,0,2023-02-03 12:20:31+00:00,2023-02-03 12:20:38+00:00,,https://huggingface.co/Lakoc/poca-SoccerTwos-v2,SOC 2,2025-09-03T14:05:43Z,,strong-signal query hit,Lakoc/poca-SoccerTwos-v2,,False,reject,empty_readme
marik0/poca-SoccerTwos-DaniRojas2,marik0,poca-SoccerTwos-DaniRojas2,reinforcement-learning,"[""ml-agents"", ""tensorboard"", ""onnx"", ""unity-ml-agents"", ""deep-reinforcement-learning"", ""reinforcement-learning"", ""ML-Agents-SoccerTwos"", ""region:us""]",11,0,2023-02-03 14:42:01+00:00,2023-02-03 14:42:09+00:00,,https://huggingface.co/marik0/poca-SoccerTwos-DaniRojas2,SOC 2,2025-09-03T14:05:43Z,,strong-signal query hit,marik0/poca-SoccerTwos-DaniRojas2,,False,reject,empty_readme
sgoodfriend/poca-SoccerTwos-v2,sgoodfriend,poca-SoccerTwos-v2,reinforcement-learning,"[""ml-agents"", ""tensorboard"", ""onnx"", ""unity-ml-agents"", ""deep-reinforcement-learning"", ""reinforcement-learning"", ""ML-Agents-SoccerTwos"", ""region:us""]",0,0,2023-02-04 09:23:25+00:00,2023-02-04 09:23:32+00:00,,https://huggingface.co/sgoodfriend/poca-SoccerTwos-v2,SOC 2,2025-09-03T14:05:43Z,,strong-signal query hit,sgoodfriend/poca-SoccerTwos-v2,,False,reject,empty_readme
Waterboy96/poca-Soccer2,Waterboy96,poca-Soccer2,,"[""region:us""]",0,0,2023-02-04 11:01:27+00:00,2023-02-04 11:01:28+00:00,,https://huggingface.co/Waterboy96/poca-Soccer2,SOC 2,2025-09-03T14:05:44Z,,strong-signal query hit,Waterboy96/poca-Soccer2,,False,reject,empty_readme
JYC333/poca-SoccerTwos-v2,JYC333,poca-SoccerTwos-v2,reinforcement-learning,"[""ml-agents"", ""tensorboard"", ""onnx"", ""unity-ml-agents"", ""deep-reinforcement-learning"", ""reinforcement-learning"", ""ML-Agents-SoccerTwos"", ""region:us""]",0,0,2023-02-06 19:23:23+00:00,2023-02-06 19:23:30+00:00,,https://huggingface.co/JYC333/poca-SoccerTwos-v2,SOC 2,2025-09-03T14:05:44Z,,strong-signal query hit,JYC333/poca-SoccerTwos-v2,,False,reject,empty_readme
ScrappyCoco666/poca-SoccerTwos-2,ScrappyCoco666,poca-SoccerTwos-2,reinforcement-learning,"[""ml-agents"", ""tensorboard"", ""onnx"", ""unity-ml-agents"", ""deep-reinforcement-learning"", ""reinforcement-learning"", ""ML-Agents-SoccerTwos"", ""region:us""]",0,0,2023-02-06 19:50:02+00:00,2023-02-06 19:50:09+00:00,,https://huggingface.co/ScrappyCoco666/poca-SoccerTwos-2,SOC 2,2025-09-03T14:05:44Z,,strong-signal query hit,ScrappyCoco666/poca-SoccerTwos-2,,False,reject,empty_readme
Victarry/poca-SoccerTwos-v2,Victarry,poca-SoccerTwos-v2,reinforcement-learning,"[""ml-agents"", ""tensorboard"", ""onnx"", ""unity-ml-agents"", ""deep-reinforcement-learning"", ""reinforcement-learning"", ""ML-Agents-SoccerTwos"", ""region:us""]",3,0,2023-02-07 02:39:46+00:00,2023-02-07 02:39:56+00:00,,https://huggingface.co/Victarry/poca-SoccerTwos-v2,SOC 2,2025-09-03T14:05:44Z,,strong-signal query hit,Victarry/poca-SoccerTwos-v2,,False,reject,empty_readme
antoooooine/poca-SoccerTwos-v2,antoooooine,poca-SoccerTwos-v2,reinforcement-learning,"[""ml-agents"", ""tensorboard"", ""onnx"", ""unity-ml-agents"", ""deep-reinforcement-learning"", ""reinforcement-learning"", ""ML-Agents-SoccerTwos"", ""region:us""]",0,0,2023-02-07 06:23:35+00:00,2023-02-10 12:29:58+00:00,,https://huggingface.co/antoooooine/poca-SoccerTwos-v2,SOC 2,2025-09-03T14:05:44Z,,strong-signal query hit,antoooooine/poca-SoccerTwos-v2,,False,reject,empty_readme
yizhangliu/poca-SoccerTwos-v2,yizhangliu,poca-SoccerTwos-v2,reinforcement-learning,"[""ml-agents"", ""tensorboard"", ""onnx"", ""unity-ml-agents"", ""deep-reinforcement-learning"", ""reinforcement-learning"", ""ML-Agents-SoccerTwos"", ""region:us""]",7,0,2023-02-07 10:08:16+00:00,2023-02-07 10:08:21+00:00,,https://huggingface.co/yizhangliu/poca-SoccerTwos-v2,SOC 2,2025-09-03T14:05:45Z,,strong-signal query hit,yizhangliu/poca-SoccerTwos-v2,,False,reject,empty_readme
jason1i/poca-SoccerTwosv2,jason1i,poca-SoccerTwosv2,reinforcement-learning,"[""ml-agents"", ""tensorboard"", ""onnx"", ""unity-ml-agents"", ""deep-reinforcement-learning"", ""reinforcement-learning"", ""ML-Agents-SoccerTwos"", ""region:us""]",10,0,2023-02-08 02:57:25+00:00,2023-02-08 02:57:36+00:00,,https://huggingface.co/jason1i/poca-SoccerTwosv2,SOC 2,2025-09-03T14:05:45Z,,strong-signal query hit,jason1i/poca-SoccerTwosv2,,False,reject,empty_readme
fathyshalab/massive_social-roberta-large-v1-2,fathyshalab,massive_social-roberta-large-v1-2,text-classification,"[""sentence-transformers"", ""pytorch"", ""roberta"", ""setfit"", ""text-classification"", ""arxiv:2209.11055"", ""license:apache-2.0"", ""region:us""]",4,0,2023-02-08 13:32:55+00:00,2023-02-08 13:33:13+00:00,,https://huggingface.co/fathyshalab/massive_social-roberta-large-v1-2,SOC 2,2025-09-03T14:05:45Z,,strong-signal query hit,fathyshalab/massive_social-roberta-large-v1-2,,False,reject,empty_readme
fathyshalab/massive_social-roberta-large-v1-2-0.13,fathyshalab,massive_social-roberta-large-v1-2-0.13,text-classification,"[""sentence-transformers"", ""pytorch"", ""roberta"", ""setfit"", ""text-classification"", ""arxiv:2209.11055"", ""license:apache-2.0"", ""region:us""]",3,0,2023-02-08 15:22:45+00:00,2023-02-08 15:23:03+00:00,,https://huggingface.co/fathyshalab/massive_social-roberta-large-v1-2-0.13,SOC 2,2025-09-03T14:05:45Z,,strong-signal query hit,fathyshalab/massive_social-roberta-large-v1-2-0.13,,False,reject,empty_readme
fathyshalab/massive_social-roberta-large-v1-2-0.04,fathyshalab,massive_social-roberta-large-v1-2-0.04,,"[""region:us""]",0,0,2023-02-08 18:40:58+00:00,2023-02-08 18:40:58+00:00,,https://huggingface.co/fathyshalab/massive_social-roberta-large-v1-2-0.04,SOC 2,2025-09-03T14:05:45Z,,strong-signal query hit,fathyshalab/massive_social-roberta-large-v1-2-0.04,,False,reject,empty_readme
dfm794/poca-SoccerTwos-2_6_3-l,dfm794,poca-SoccerTwos-2_6_3-l,reinforcement-learning,"[""ml-agents"", ""tensorboard"", ""onnx"", ""unity-ml-agents"", ""deep-reinforcement-learning"", ""reinforcement-learning"", ""ML-Agents-SoccerTwos"", ""region:us""]",0,0,2023-02-09 00:50:14+00:00,2023-02-09 00:50:22+00:00,,https://huggingface.co/dfm794/poca-SoccerTwos-2_6_3-l,SOC 2,2025-09-03T14:05:46Z,,strong-signal query hit,dfm794/poca-SoccerTwos-2_6_3-l,,False,reject,empty_readme
dfm794/poca-SoccerTwos-2-l,dfm794,poca-SoccerTwos-2-l,reinforcement-learning,"[""ml-agents"", ""tensorboard"", ""onnx"", ""unity-ml-agents"", ""deep-reinforcement-learning"", ""reinforcement-learning"", ""ML-Agents-SoccerTwos"", ""region:us""]",0,0,2023-02-09 05:49:55+00:00,2023-02-09 05:50:03+00:00,,https://huggingface.co/dfm794/poca-SoccerTwos-2-l,SOC 2,2025-09-03T14:05:46Z,,strong-signal query hit,dfm794/poca-SoccerTwos-2-l,,False,reject,empty_readme
WimStraetemans/poca-SoccerTwos-2L,WimStraetemans,poca-SoccerTwos-2L,reinforcement-learning,"[""ml-agents"", ""tensorboard"", ""onnx"", ""unity-ml-agents"", ""deep-reinforcement-learning"", ""reinforcement-learning"", ""ML-Agents-SoccerTwos"", ""region:us""]",6,0,2023-02-09 13:48:51+00:00,2023-02-09 13:48:59+00:00,,https://huggingface.co/WimStraetemans/poca-SoccerTwos-2L,SOC 2,2025-09-03T14:05:46Z,,strong-signal query hit,WimStraetemans/poca-SoccerTwos-2L,,False,reject,empty_readme
fathyshalab/massive_social-roberta-large-v1-2-7,fathyshalab,massive_social-roberta-large-v1-2-7,text-classification,"[""sentence-transformers"", ""pytorch"", ""roberta"", ""setfit"", ""text-classification"", ""arxiv:2209.11055"", ""license:apache-2.0"", ""region:us""]",3,0,2023-02-09 14:41:16+00:00,2023-02-09 14:41:38+00:00,,https://huggingface.co/fathyshalab/massive_social-roberta-large-v1-2-7,SOC 2,2025-09-03T14:05:46Z,,strong-signal query hit,fathyshalab/massive_social-roberta-large-v1-2-7,,False,reject,empty_readme
atorre/poca-SoccerTwos-20M,atorre,poca-SoccerTwos-20M,reinforcement-learning,"[""ml-agents"", ""tensorboard"", ""onnx"", ""unity-ml-agents"", ""deep-reinforcement-learning"", ""reinforcement-learning"", ""ML-Agents-SoccerTwos"", ""region:us""]",6,0,2023-02-09 19:15:15+00:00,2023-02-09 19:15:25+00:00,,https://huggingface.co/atorre/poca-SoccerTwos-20M,SOC 2,2025-09-03T14:05:47Z,,strong-signal query hit,atorre/poca-SoccerTwos-20M,,False,reject,empty_readme
bonadio/poca-SoccerTwos-v2,bonadio,poca-SoccerTwos-v2,reinforcement-learning,"[""ml-agents"", ""onnx"", ""unity-ml-agents"", ""deep-reinforcement-learning"", ""reinforcement-learning"", ""ML-Agents-SoccerTwos"", ""region:us""]",3,0,2023-02-10 21:40:59+00:00,2023-02-10 21:41:08+00:00,,https://huggingface.co/bonadio/poca-SoccerTwos-v2,SOC 2,2025-09-03T14:05:47Z,,strong-signal query hit,bonadio/poca-SoccerTwos-v2,,False,reject,empty_readme
ArneL2206/poca-SoccerTwos,ArneL2206,poca-SoccerTwos,reinforcement-learning,"[""ml-agents"", ""tensorboard"", ""onnx"", ""unity-ml-agents"", ""deep-reinforcement-learning"", ""reinforcement-learning"", ""ML-Agents-SoccerTwos"", ""region:us""]",6,0,2023-02-11 21:31:04+00:00,2023-02-11 21:33:37+00:00,,https://huggingface.co/ArneL2206/poca-SoccerTwos,SOC 2,2025-09-03T14:05:47Z,,strong-signal query hit,ArneL2206/poca-SoccerTwos,,False,reject,empty_readme
fathyshalab/domain_transfer_clinic_credit_cards-massive_social-roberta-large-v1-2-5,fathyshalab,domain_transfer_clinic_credit_cards-massive_social-roberta-large-v1-2-5,text-classification,"[""sentence-transformers"", ""pytorch"", ""roberta"", ""setfit"", ""text-classification"", ""arxiv:2209.11055"", ""license:apache-2.0"", ""region:us""]",4,0,2023-02-12 11:00:14+00:00,2023-02-12 11:00:36+00:00,,https://huggingface.co/fathyshalab/domain_transfer_clinic_credit_cards-massive_social-roberta-large-v1-2-5,SOC 2,2025-09-03T14:05:47Z,,strong-signal query hit,fathyshalab/domain_transfer_clinic_credit_cards-massive_social-roberta-large-v1-2-5,,False,reject,empty_readme
akghxhs55/poca-SoccerTwos-2,akghxhs55,poca-SoccerTwos-2,reinforcement-learning,"[""ml-agents"", ""tensorboard"", ""onnx"", ""unity-ml-agents"", ""deep-reinforcement-learning"", ""reinforcement-learning"", ""ML-Agents-SoccerTwos"", ""region:us""]",11,0,2023-02-12 14:04:51+00:00,2023-02-12 14:05:03+00:00,,https://huggingface.co/akghxhs55/poca-SoccerTwos-2,SOC 2,2025-09-03T14:05:47Z,,strong-signal query hit,akghxhs55/poca-SoccerTwos-2,,False,reject,empty_readme
thiagoms7/poca-SoccerTwos2,thiagoms7,poca-SoccerTwos2,reinforcement-learning,"[""ml-agents"", ""tensorboard"", ""onnx"", ""unity-ml-agents"", ""deep-reinforcement-learning"", ""reinforcement-learning"", ""ML-Agents-SoccerTwos"", ""region:us""]",0,0,2023-02-12 19:09:24+00:00,2023-02-12 19:11:26+00:00,,https://huggingface.co/thiagoms7/poca-SoccerTwos2,SOC 2,2025-09-03T14:05:48Z,,strong-signal query hit,thiagoms7/poca-SoccerTwos2,,False,reject,empty_readme
z4x/poca-SoccerTwos-v2,z4x,poca-SoccerTwos-v2,reinforcement-learning,"[""ml-agents"", ""tensorboard"", ""onnx"", ""unity-ml-agents"", ""deep-reinforcement-learning"", ""reinforcement-learning"", ""ML-Agents-SoccerTwos"", ""region:us""]",2,0,2023-02-13 12:18:51+00:00,2023-02-13 12:13:24+00:00,,https://huggingface.co/z4x/poca-SoccerTwos-v2,SOC 2,2025-09-03T14:05:48Z,,strong-signal query hit,z4x/poca-SoccerTwos-v2,,False,reject,empty_readme
dfm794/poca-SoccerTwos-2x-2-r-l,dfm794,poca-SoccerTwos-2x-2-r-l,reinforcement-learning,"[""ml-agents"", ""tensorboard"", ""onnx"", ""unity-ml-agents"", ""deep-reinforcement-learning"", ""reinforcement-learning"", ""ML-Agents-SoccerTwos"", ""region:us""]",14,0,2023-02-14 04:22:16+00:00,2023-02-14 04:22:23+00:00,,https://huggingface.co/dfm794/poca-SoccerTwos-2x-2-r-l,SOC 2,2025-09-03T14:05:48Z,,strong-signal query hit,dfm794/poca-SoccerTwos-2x-2-r-l,,False,reject,empty_readme
jason1i/poca-SoccerTwos-Extra-Wish2,jason1i,poca-SoccerTwos-Extra-Wish2,reinforcement-learning,"[""ml-agents"", ""tensorboard"", ""onnx"", ""unity-ml-agents"", ""deep-reinforcement-learning"", ""reinforcement-learning"", ""ML-Agents-SoccerTwos"", ""region:us""]",29,0,2023-02-14 23:02:00+00:00,2023-02-14 23:02:26+00:00,,https://huggingface.co/jason1i/poca-SoccerTwos-Extra-Wish2,SOC 2,2025-09-03T14:05:48Z,,strong-signal query hit,jason1i/poca-SoccerTwos-Extra-Wish2,,False,reject,empty_readme
mnavas/hf-rl-SoccerTwos2,mnavas,hf-rl-SoccerTwos2,reinforcement-learning,"[""ml-agents"", ""tensorboard"", ""onnx"", ""unity-ml-agents"", ""deep-reinforcement-learning"", ""reinforcement-learning"", ""ML-Agents-SoccerTwos"", ""region:us""]",5,0,2023-02-16 16:15:55+00:00,2023-02-16 16:16:14+00:00,,https://huggingface.co/mnavas/hf-rl-SoccerTwos2,SOC 2,2025-09-03T14:05:48Z,,strong-signal query hit,mnavas/hf-rl-SoccerTwos2,,False,reject,empty_readme
besa2001/poca-SoccerTwos,besa2001,poca-SoccerTwos,reinforcement-learning,"[""ml-agents"", ""tensorboard"", ""onnx"", ""unity-ml-agents"", ""deep-reinforcement-learning"", ""reinforcement-learning"", ""ML-Agents-SoccerTwos"", ""region:us""]",6,0,2023-02-20 20:01:21+00:00,2023-02-20 20:01:28+00:00,,https://huggingface.co/besa2001/poca-SoccerTwos,SOC 2,2025-09-03T14:05:49Z,,strong-signal query hit,besa2001/poca-SoccerTwos,,False,reject,empty_readme
sergey-antonov/poca-SoccerTwos2,sergey-antonov,poca-SoccerTwos2,reinforcement-learning,"[""ml-agents"", ""tensorboard"", ""onnx"", ""unity-ml-agents"", ""deep-reinforcement-learning"", ""reinforcement-learning"", ""ML-Agents-SoccerTwos"", ""region:us""]",7,0,2023-02-21 13:29:32+00:00,2023-02-21 13:29:44+00:00,,https://huggingface.co/sergey-antonov/poca-SoccerTwos2,SOC 2,2025-09-03T14:05:49Z,,strong-signal query hit,sergey-antonov/poca-SoccerTwos2,,False,reject,empty_readme
dfm794/poca-SoccerTwos-2x-12-3-6-6-1-l,dfm794,poca-SoccerTwos-2x-12-3-6-6-1-l,reinforcement-learning,"[""ml-agents"", ""tensorboard"", ""onnx"", ""unity-ml-agents"", ""deep-reinforcement-learning"", ""reinforcement-learning"", ""ML-Agents-SoccerTwos"", ""region:us""]",0,0,2023-02-24 04:59:42+00:00,2023-02-24 04:59:50+00:00,,https://huggingface.co/dfm794/poca-SoccerTwos-2x-12-3-6-6-1-l,SOC 2,2025-09-03T14:05:49Z,,strong-signal query hit,dfm794/poca-SoccerTwos-2x-12-3-6-6-1-l,,False,reject,empty_readme
michal512/poca-SoccerTwos2,michal512,poca-SoccerTwos2,reinforcement-learning,"[""ml-agents"", ""tensorboard"", ""onnx"", ""unity-ml-agents"", ""deep-reinforcement-learning"", ""reinforcement-learning"", ""ML-Agents-SoccerTwos"", ""region:us""]",0,0,2023-02-24 11:40:16+00:00,2023-02-24 11:40:22+00:00,,https://huggingface.co/michal512/poca-SoccerTwos2,SOC 2,2025-09-03T14:05:49Z,,strong-signal query hit,michal512/poca-SoccerTwos2,,False,reject,empty_readme
Brain22/poca-SoccerTwos,Brain22,poca-SoccerTwos,reinforcement-learning,"[""ml-agents"", ""tensorboard"", ""onnx"", ""unity-ml-agents"", ""deep-reinforcement-learning"", ""reinforcement-learning"", ""ML-Agents-SoccerTwos"", ""region:us""]",0,0,2023-02-25 14:39:04+00:00,2023-02-25 14:39:20+00:00,,https://huggingface.co/Brain22/poca-SoccerTwos,SOC 2,2025-09-03T14:05:49Z,,strong-signal query hit,Brain22/poca-SoccerTwos,,False,reject,empty_readme
Brain22/poca-SoccerTwos-v2,Brain22,poca-SoccerTwos-v2,reinforcement-learning,"[""ml-agents"", ""tensorboard"", ""onnx"", ""unity-ml-agents"", ""deep-reinforcement-learning"", ""reinforcement-learning"", ""ML-Agents-SoccerTwos"", ""region:us""]",0,0,2023-02-26 14:16:56+00:00,2023-02-26 14:17:11+00:00,,https://huggingface.co/Brain22/poca-SoccerTwos-v2,SOC 2,2025-09-03T14:05:50Z,,strong-signal query hit,Brain22/poca-SoccerTwos-v2,,False,reject,empty_readme
fbeghell/poca-SoccerTwos-v2,fbeghell,poca-SoccerTwos-v2,reinforcement-learning,"[""ml-agents"", ""tensorboard"", ""onnx"", ""unity-ml-agents"", ""deep-reinforcement-learning"", ""reinforcement-learning"", ""ML-Agents-SoccerTwos"", ""region:us""]",1,0,2023-02-26 14:22:29+00:00,2023-02-26 14:22:36+00:00,,https://huggingface.co/fbeghell/poca-SoccerTwos-v2,SOC 2,2025-09-03T14:05:50Z,,strong-signal query hit,fbeghell/poca-SoccerTwos-v2,,False,reject,empty_readme
daripaez/poca-SoccerTwos-2,daripaez,poca-SoccerTwos-2,reinforcement-learning,"[""ml-agents"", ""tensorboard"", ""onnx"", ""unity-ml-agents"", ""deep-reinforcement-learning"", ""reinforcement-learning"", ""ML-Agents-SoccerTwos"", ""region:us""]",2,0,2023-02-26 14:33:28+00:00,2023-02-26 14:38:43+00:00,,https://huggingface.co/daripaez/poca-SoccerTwos-2,SOC 2,2025-09-03T14:05:50Z,,strong-signal query hit,daripaez/poca-SoccerTwos-2,,False,reject,empty_readme
Liapunov/poca-SoccerTwos2,Liapunov,poca-SoccerTwos2,reinforcement-learning,"[""ml-agents"", ""tensorboard"", ""onnx"", ""unity-ml-agents"", ""deep-reinforcement-learning"", ""reinforcement-learning"", ""ML-Agents-SoccerTwos"", ""region:us""]",8,0,2023-02-27 14:17:01+00:00,2023-02-27 14:39:04+00:00,,https://huggingface.co/Liapunov/poca-SoccerTwos2,SOC 2,2025-09-03T14:05:50Z,,strong-signal query hit,Liapunov/poca-SoccerTwos2,,False,reject,empty_readme
mikegarts/poca-SoccerTwos-v2,mikegarts,poca-SoccerTwos-v2,reinforcement-learning,"[""ml-agents"", ""tensorboard"", ""onnx"", ""unity-ml-agents"", ""deep-reinforcement-learning"", ""reinforcement-learning"", ""ML-Agents-SoccerTwos"", ""region:us""]",5,0,2023-02-27 19:20:49+00:00,2023-02-27 19:20:56+00:00,,https://huggingface.co/mikegarts/poca-SoccerTwos-v2,SOC 2,2025-09-03T14:05:50Z,,strong-signal query hit,mikegarts/poca-SoccerTwos-v2,,False,reject,empty_readme
next-social/nllb-200-distilled-600M-int8,next-social,nllb-200-distilled-600M-int8,,"[""transformers"", ""endpoints_compatible"", ""region:us""]",14,2,2023-02-28 08:50:59+00:00,2023-02-28 09:00:57+00:00,,https://huggingface.co/next-social/nllb-200-distilled-600M-int8,SOC 2,2025-09-03T14:05:51Z,,strong-signal query hit,next-social/nllb-200-distilled-600M-int8,,False,reject,empty_readme
mojoee/poca-SoccerTwos_v2,mojoee,poca-SoccerTwos_v2,reinforcement-learning,"[""ml-agents"", ""tensorboard"", ""onnx"", ""unity-ml-agents"", ""deep-reinforcement-learning"", ""reinforcement-learning"", ""ML-Agents-SoccerTwos"", ""region:us""]",0,0,2023-03-01 06:10:27+00:00,2023-03-01 06:10:34+00:00,,https://huggingface.co/mojoee/poca-SoccerTwos_v2,SOC 2,2025-09-03T14:05:51Z,,strong-signal query hit,mojoee/poca-SoccerTwos_v2,,False,reject,empty_readme
mikegarts/poca-SoccerTwos-v2.2,mikegarts,poca-SoccerTwos-v2.2,reinforcement-learning,"[""ml-agents"", ""tensorboard"", ""onnx"", ""unity-ml-agents"", ""deep-reinforcement-learning"", ""reinforcement-learning"", ""ML-Agents-SoccerTwos"", ""region:us""]",1,0,2023-03-01 14:48:21+00:00,2023-03-01 14:48:27+00:00,,https://huggingface.co/mikegarts/poca-SoccerTwos-v2.2,SOC 2,2025-09-03T14:05:51Z,,strong-signal query hit,mikegarts/poca-SoccerTwos-v2.2,,False,reject,empty_readme
NielsV/poca-SoccerTwos-v2-10M,NielsV,poca-SoccerTwos-v2-10M,reinforcement-learning,"[""ml-agents"", ""tensorboard"", ""onnx"", ""unity-ml-agents"", ""deep-reinforcement-learning"", ""reinforcement-learning"", ""ML-Agents-SoccerTwos"", ""region:us""]",0,0,2023-03-01 15:47:20+00:00,2023-03-01 15:47:32+00:00,,https://huggingface.co/NielsV/poca-SoccerTwos-v2-10M,SOC 2,2025-09-03T14:05:51Z,,strong-signal query hit,NielsV/poca-SoccerTwos-v2-10M,,False,reject,empty_readme
Alex48/poca-SoccerTwos-v2,Alex48,poca-SoccerTwos-v2,reinforcement-learning,"[""ml-agents"", ""onnx"", ""ML-Agents-SoccerTwos"", ""reinforcement-learning"", ""region:us""]",0,0,2023-03-02 10:35:19+00:00,2023-03-02 13:06:53+00:00,,https://huggingface.co/Alex48/poca-SoccerTwos-v2,SOC 2,2025-09-03T14:05:51Z,,strong-signal query hit,Alex48/poca-SoccerTwos-v2,,False,reject,empty_readme
wooihen/poca-SoccerTwos-v2,wooihen,poca-SoccerTwos-v2,reinforcement-learning,"[""ml-agents"", ""tensorboard"", ""onnx"", ""unity-ml-agents"", ""deep-reinforcement-learning"", ""reinforcement-learning"", ""ML-Agents-SoccerTwos"", ""region:us""]",13,0,2023-03-03 00:46:48+00:00,2023-03-03 00:47:02+00:00,,https://huggingface.co/wooihen/poca-SoccerTwos-v2,SOC 2,2025-09-03T14:05:52Z,,strong-signal query hit,wooihen/poca-SoccerTwos-v2,,False,reject,empty_readme
NielsV/poca-SoccerTwos-v2-40M,NielsV,poca-SoccerTwos-v2-40M,,"[""region:us""]",0,0,2023-03-03 07:13:51+00:00,2023-03-03 07:13:51+00:00,,https://huggingface.co/NielsV/poca-SoccerTwos-v2-40M,SOC 2,2025-09-03T14:05:52Z,,strong-signal query hit,NielsV/poca-SoccerTwos-v2-40M,,False,reject,empty_readme
NielsV/poca-SoccerTwos-v2-83M,NielsV,poca-SoccerTwos-v2-83M,reinforcement-learning,"[""ml-agents"", ""tensorboard"", ""onnx"", ""unity-ml-agents"", ""deep-reinforcement-learning"", ""reinforcement-learning"", ""ML-Agents-SoccerTwos"", ""region:us""]",1,0,2023-03-04 16:23:13+00:00,2023-03-04 16:23:24+00:00,,https://huggingface.co/NielsV/poca-SoccerTwos-v2-83M,SOC 2,2025-09-03T14:05:52Z,,strong-signal query hit,NielsV/poca-SoccerTwos-v2-83M,,False,reject,empty_readme
mingdinghan/poca-SoccerTwos-250000,mingdinghan,poca-SoccerTwos-250000,reinforcement-learning,"[""ml-agents"", ""tensorboard"", ""onnx"", ""unity-ml-agents"", ""deep-reinforcement-learning"", ""reinforcement-learning"", ""ML-Agents-SoccerTwos"", ""region:us""]",0,0,2023-03-05 13:09:27+00:00,2023-03-05 13:09:34+00:00,,https://huggingface.co/mingdinghan/poca-SoccerTwos-250000,SOC 2,2025-09-03T14:05:52Z,,strong-signal query hit,mingdinghan/poca-SoccerTwos-250000,,False,reject,empty_readme
jinhu2659/poca-SoccerTwos,jinhu2659,poca-SoccerTwos,reinforcement-learning,"[""ml-agents"", ""tensorboard"", ""onnx"", ""unity-ml-agents"", ""deep-reinforcement-learning"", ""reinforcement-learning"", ""ML-Agents-SoccerTwos"", ""region:us""]",6,0,2023-03-05 15:22:36+00:00,2023-03-05 15:24:46+00:00,,https://huggingface.co/jinhu2659/poca-SoccerTwos,SOC 2,2025-09-03T14:05:52Z,,strong-signal query hit,jinhu2659/poca-SoccerTwos,,False,reject,empty_readme
plegg/poca-SoccerTwos-v2,plegg,poca-SoccerTwos-v2,reinforcement-learning,"[""ml-agents"", ""tensorboard"", ""onnx"", ""unity-ml-agents"", ""deep-reinforcement-learning"", ""reinforcement-learning"", ""ML-Agents-SoccerTwos"", ""region:us""]",1,0,2023-03-05 23:00:45+00:00,2023-03-06 07:19:59+00:00,,https://huggingface.co/plegg/poca-SoccerTwos-v2,SOC 2,2025-09-03T14:05:53Z,,strong-signal query hit,plegg/poca-SoccerTwos-v2,,False,reject,empty_readme
Taratata/poca-SoccerTwos-v2,Taratata,poca-SoccerTwos-v2,reinforcement-learning,"[""ml-agents"", ""tensorboard"", ""onnx"", ""unity-ml-agents"", ""deep-reinforcement-learning"", ""reinforcement-learning"", ""ML-Agents-SoccerTwos"", ""region:us""]",1,0,2023-03-06 05:39:57+00:00,2023-03-06 05:40:34+00:00,,https://huggingface.co/Taratata/poca-SoccerTwos-v2,SOC 2,2025-09-03T14:05:53Z,,strong-signal query hit,Taratata/poca-SoccerTwos-v2,,False,reject,empty_readme
jchavezar/segformer-b0-finetuned-segments-sockcop-feb-23,jchavezar,segformer-b0-finetuned-segments-sockcop-feb-23,,"[""region:us""]",0,0,2023-03-08 00:16:32+00:00,2023-03-08 14:20:37+00:00,,https://huggingface.co/jchavezar/segformer-b0-finetuned-segments-sockcop-feb-23,SOC 2,2025-09-03T14:05:53Z,,strong-signal query hit,jchavezar/segformer-b0-finetuned-segments-sockcop-feb-23,,False,reject,empty_readme
kuanyk/poca-SoccerTwos-v2,kuanyk,poca-SoccerTwos-v2,,"[""region:us""]",0,0,2023-03-08 00:18:18+00:00,2023-03-08 00:18:18+00:00,,https://huggingface.co/kuanyk/poca-SoccerTwos-v2,SOC 2,2025-09-03T14:05:53Z,,strong-signal query hit,kuanyk/poca-SoccerTwos-v2,,False,reject,empty_readme
dfm794/poca-SoccerTwos-2x-09-3-6-6-1-l-200-ft,dfm794,poca-SoccerTwos-2x-09-3-6-6-1-l-200-ft,reinforcement-learning,"[""ml-agents"", ""tensorboard"", ""onnx"", ""unity-ml-agents"", ""deep-reinforcement-learning"", ""reinforcement-learning"", ""ML-Agents-SoccerTwos"", ""region:us""]",0,0,2023-03-08 05:22:13+00:00,2023-03-08 05:22:21+00:00,,https://huggingface.co/dfm794/poca-SoccerTwos-2x-09-3-6-6-1-l-200-ft,SOC 2,2025-09-03T14:05:54Z,,strong-signal query hit,dfm794/poca-SoccerTwos-2x-09-3-6-6-1-l-200-ft,,False,reject,empty_readme
agcagc/poca-SoccerTwos-2,agcagc,poca-SoccerTwos-2,reinforcement-learning,"[""ml-agents"", ""tensorboard"", ""onnx"", ""unity-ml-agents"", ""deep-reinforcement-learning"", ""reinforcement-learning"", ""ML-Agents-SoccerTwos"", ""region:us""]",0,0,2023-03-08 13:18:56+00:00,2023-03-08 13:19:24+00:00,,https://huggingface.co/agcagc/poca-SoccerTwos-2,SOC 2,2025-09-03T14:05:54Z,,strong-signal query hit,agcagc/poca-SoccerTwos-2,,False,reject,empty_readme
Nelsonlin0321/poca-SoccerTwos-v2,Nelsonlin0321,poca-SoccerTwos-v2,,"[""region:us""]",0,0,2023-03-08 15:05:19+00:00,2023-03-08 15:05:20+00:00,,https://huggingface.co/Nelsonlin0321/poca-SoccerTwos-v2,SOC 2,2025-09-03T14:05:54Z,,strong-signal query hit,Nelsonlin0321/poca-SoccerTwos-v2,,False,reject,empty_readme
jchavezar/finetuned-sidewalk-sockcop-demo-v2,jchavezar,finetuned-sidewalk-sockcop-demo-v2,,"[""region:us""]",0,0,2023-03-08 15:47:17+00:00,2023-03-08 15:47:17+00:00,,https://huggingface.co/jchavezar/finetuned-sidewalk-sockcop-demo-v2,SOC 2,2025-09-03T14:05:54Z,,strong-signal query hit,jchavezar/finetuned-sidewalk-sockcop-demo-v2,,False,reject,empty_readme
egyee/poca-SoccerTwos-v2,egyee,poca-SoccerTwos-v2,reinforcement-learning,"[""ml-agents"", ""onnx"", ""unity-ml-agents"", ""deep-reinforcement-learning"", ""reinforcement-learning"", ""ML-Agents-SoccerTwos"", ""region:us""]",0,0,2023-03-09 13:13:30+00:00,2023-03-09 13:53:14+00:00,,https://huggingface.co/egyee/poca-SoccerTwos-v2,SOC 2,2025-09-03T14:05:54Z,,strong-signal query hit,egyee/poca-SoccerTwos-v2,,False,reject,empty_readme
qgallouedec/sample-factory-soccer-v2,qgallouedec,sample-factory-soccer-v2,reinforcement-learning,"[""sample-factory"", ""tensorboard"", ""deep-reinforcement-learning"", ""reinforcement-learning"", ""model-index"", ""region:us""]",0,0,2023-03-11 16:17:05+00:00,2023-03-11 16:17:09+00:00,,https://huggingface.co/qgallouedec/sample-factory-soccer-v2,SOC 2,2025-09-03T14:05:55Z,,strong-signal query hit,qgallouedec/sample-factory-soccer-v2,,False,reject,empty_readme
bkhan2000/poca-SoccerTwos,bkhan2000,poca-SoccerTwos,reinforcement-learning,"[""ml-agents"", ""tensorboard"", ""onnx"", ""unity-ml-agents"", ""deep-reinforcement-learning"", ""reinforcement-learning"", ""ML-Agents-SoccerTwos"", ""region:us""]",0,0,2023-03-14 02:24:13+00:00,2023-03-14 02:24:21+00:00,,https://huggingface.co/bkhan2000/poca-SoccerTwos,SOC 2,2025-09-03T14:05:55Z,,strong-signal query hit,bkhan2000/poca-SoccerTwos,,False,reject,empty_readme
SebastianS/poca-SoccerTwos-v2,SebastianS,poca-SoccerTwos-v2,reinforcement-learning,"[""ml-agents"", ""tensorboard"", ""onnx"", ""unity-ml-agents"", ""deep-reinforcement-learning"", ""reinforcement-learning"", ""ML-Agents-SoccerTwos"", ""region:us""]",2,0,2023-03-15 19:12:27+00:00,2023-03-15 19:12:43+00:00,,https://huggingface.co/SebastianS/poca-SoccerTwos-v2,SOC 2,2025-09-03T14:05:55Z,,strong-signal query hit,SebastianS/poca-SoccerTwos-v2,,False,reject,empty_readme
dhananjay2912/lsg-bart-base-4096-pubmed-mediqa-chat-taskb-sectionwise-past_medical_family_and_social_history,dhananjay2912,lsg-bart-base-4096-pubmed-mediqa-chat-taskb-sectionwise-past_medical_family_and_social_history,,"[""transformers"", ""pytorch"", ""bart"", ""text2text-generation"", ""custom_code"", ""region:us""]",3,0,2023-03-16 03:40:05+00:00,2023-03-16 23:23:36+00:00,,https://huggingface.co/dhananjay2912/lsg-bart-base-4096-pubmed-mediqa-chat-taskb-sectionwise-past_medical_family_and_social_history,SOC 2,2025-09-03T14:05:55Z,,strong-signal query hit,dhananjay2912/lsg-bart-base-4096-pubmed-mediqa-chat-taskb-sectionwise-past_medical_family_and_social_history,,False,reject,empty_readme
dhananjay2912/lsg-bart-base-4096-mediqa-chat-taskb-sectionwise-past_medical_family_and_social_history,dhananjay2912,lsg-bart-base-4096-mediqa-chat-taskb-sectionwise-past_medical_family_and_social_history,,"[""transformers"", ""pytorch"", ""bart"", ""text2text-generation"", ""custom_code"", ""region:us""]",3,0,2023-03-16 04:02:42+00:00,2023-03-17 00:12:59+00:00,,https://huggingface.co/dhananjay2912/lsg-bart-base-4096-mediqa-chat-taskb-sectionwise-past_medical_family_and_social_history,SOC 2,2025-09-03T14:05:55Z,,strong-signal query hit,dhananjay2912/lsg-bart-base-4096-mediqa-chat-taskb-sectionwise-past_medical_family_and_social_history,,False,reject,empty_readme
dfm794/poca-SoccerTwos-2x-12-6-2-3-6-6-2-l-200,dfm794,poca-SoccerTwos-2x-12-6-2-3-6-6-2-l-200,reinforcement-learning,"[""ml-agents"", ""tensorboard"", ""onnx"", ""unity-ml-agents"", ""deep-reinforcement-learning"", ""reinforcement-learning"", ""ML-Agents-SoccerTwos"", ""region:us""]",7,0,2023-03-17 03:32:36+00:00,2023-03-17 03:32:44+00:00,,https://huggingface.co/dfm794/poca-SoccerTwos-2x-12-6-2-3-6-6-2-l-200,SOC 2,2025-09-03T14:05:56Z,,strong-signal query hit,dfm794/poca-SoccerTwos-2x-12-6-2-3-6-6-2-l-200,,False,reject,empty_readme
andylolu24/poca-SoccerTwos,andylolu24,poca-SoccerTwos,reinforcement-learning,"[""ml-agents"", ""tensorboard"", ""onnx"", ""unity-ml-agents"", ""deep-reinforcement-learning"", ""reinforcement-learning"", ""ML-Agents-SoccerTwos"", ""region:us""]",0,0,2023-03-18 21:24:07+00:00,2023-03-18 21:24:12+00:00,,https://huggingface.co/andylolu24/poca-SoccerTwos,SOC 2,2025-09-03T14:05:56Z,,strong-signal query hit,andylolu24/poca-SoccerTwos,,False,reject,empty_readme
eLarry/poca-SoccerTwos-v2,eLarry,poca-SoccerTwos-v2,reinforcement-learning,"[""ml-agents"", ""onnx"", ""unity-ml-agents"", ""deep-reinforcement-learning"", ""reinforcement-learning"", ""ML-Agents-SoccerTwos"", ""region:us""]",1,0,2023-03-18 22:00:52+00:00,2023-03-21 17:55:55+00:00,,https://huggingface.co/eLarry/poca-SoccerTwos-v2,SOC 2,2025-09-03T14:05:56Z,,strong-signal query hit,eLarry/poca-SoccerTwos-v2,,False,reject,empty_readme
yangwj2011/poca_SoccerTwos,yangwj2011,poca_SoccerTwos,reinforcement-learning,"[""ml-agents"", ""tensorboard"", ""onnx"", ""SoccerTwos"", ""deep-reinforcement-learning"", ""reinforcement-learning"", ""ML-Agents-SoccerTwos"", ""region:us""]",7,0,2023-03-19 17:36:47+00:00,2023-03-19 17:36:54+00:00,,https://huggingface.co/yangwj2011/poca_SoccerTwos,SOC 2,2025-09-03T14:05:56Z,,strong-signal query hit,yangwj2011/poca_SoccerTwos,,False,reject,empty_readme
gauthamk28/poca-SoccerTwos,gauthamk28,poca-SoccerTwos,reinforcement-learning,"[""ml-agents"", ""tensorboard"", ""onnx"", ""unity-ml-agents"", ""deep-reinforcement-learning"", ""reinforcement-learning"", ""ML-Agents-SoccerTwos"", ""region:us""]",0,0,2023-03-20 18:25:54+00:00,2023-03-20 18:26:03+00:00,,https://huggingface.co/gauthamk28/poca-SoccerTwos,SOC 2,2025-09-03T14:05:56Z,,strong-signal query hit,gauthamk28/poca-SoccerTwos,,False,reject,empty_readme
stelladk/POCA-MLAgents-SoccerTwos-Checkpoint28M,stelladk,POCA-MLAgents-SoccerTwos-Checkpoint28M,reinforcement-learning,"[""ml-agents"", ""tensorboard"", ""onnx"", ""unity-ml-agents"", ""deep-reinforcement-learning"", ""reinforcement-learning"", ""ML-Agents-SoccerTwos"", ""region:us""]",0,0,2023-03-21 21:11:45+00:00,2023-03-21 21:13:00+00:00,,https://huggingface.co/stelladk/POCA-MLAgents-SoccerTwos-Checkpoint28M,SOC 2,2025-09-03T14:05:57Z,,strong-signal query hit,stelladk/POCA-MLAgents-SoccerTwos-Checkpoint28M,,False,reject,empty_readme
ashishj20/poca-SoccerTwos,ashishj20,poca-SoccerTwos,reinforcement-learning,"[""ml-agents"", ""tensorboard"", ""onnx"", ""unity-ml-agents"", ""deep-reinforcement-learning"", ""reinforcement-learning"", ""ML-Agents-SoccerTwos"", ""region:us""]",0,0,2023-03-23 00:07:24+00:00,2023-03-23 00:08:10+00:00,,https://huggingface.co/ashishj20/poca-SoccerTwos,SOC 2,2025-09-03T14:05:57Z,,strong-signal query hit,ashishj20/poca-SoccerTwos,,False,reject,empty_readme
ldaquan1996/poca-SoccerTwos_v2,ldaquan1996,poca-SoccerTwos_v2,reinforcement-learning,"[""ml-agents"", ""tensorboard"", ""onnx"", ""unity-ml-agents"", ""deep-reinforcement-learning"", ""reinforcement-learning"", ""ML-Agents-SoccerTwos"", ""region:us""]",10,0,2023-03-24 13:27:27+00:00,2023-03-24 13:27:38+00:00,,https://huggingface.co/ldaquan1996/poca-SoccerTwos_v2,SOC 2,2025-09-03T14:05:57Z,,strong-signal query hit,ldaquan1996/poca-SoccerTwos_v2,,False,reject,empty_readme
inkasaras/poca-SoccerTwosv2,inkasaras,poca-SoccerTwosv2,reinforcement-learning,"[""ml-agents"", ""tensorboard"", ""onnx"", ""unity-ml-agents"", ""deep-reinforcement-learning"", ""reinforcement-learning"", ""ML-Agents-SoccerTwos"", ""region:us""]",9,0,2023-03-24 23:18:18+00:00,2023-03-24 23:18:29+00:00,,https://huggingface.co/inkasaras/poca-SoccerTwosv2,SOC 2,2025-09-03T14:05:57Z,,strong-signal query hit,inkasaras/poca-SoccerTwosv2,,False,reject,empty_readme
butchland/round2-poca-SoccerTwos,butchland,round2-poca-SoccerTwos,reinforcement-learning,"[""ml-agents"", ""tensorboard"", ""onnx"", ""unity-ml-agents"", ""deep-reinforcement-learning"", ""reinforcement-learning"", ""ML-Agents-SoccerTwos"", ""region:us""]",4,0,2023-03-25 07:14:32+00:00,2023-03-25 06:17:49+00:00,,https://huggingface.co/butchland/round2-poca-SoccerTwos,SOC 2,2025-09-03T14:05:57Z,,strong-signal query hit,butchland/round2-poca-SoccerTwos,,False,reject,empty_readme
droid22/poca-SoccerTwos,droid22,poca-SoccerTwos,reinforcement-learning,"[""ml-agents"", ""tensorboard"", ""onnx"", ""unity-ml-agents"", ""deep-reinforcement-learning"", ""reinforcement-learning"", ""ML-Agents-SoccerTwos"", ""region:us""]",0,0,2023-03-25 17:15:35+00:00,2023-03-25 17:15:41+00:00,,https://huggingface.co/droid22/poca-SoccerTwos,SOC 2,2025-09-03T14:05:58Z,,strong-signal query hit,droid22/poca-SoccerTwos,,False,reject,empty_readme
Raiden-1001/poca-SoccerTwosv2,Raiden-1001,poca-SoccerTwosv2,reinforcement-learning,"[""ml-agents"", ""tensorboard"", ""onnx"", ""unity-ml-agents"", ""deep-reinforcement-learning"", ""reinforcement-learning"", ""ML-Agents-SoccerTwos"", ""region:us""]",1,0,2023-03-26 20:56:59+00:00,2023-03-26 20:57:06+00:00,,https://huggingface.co/Raiden-1001/poca-SoccerTwosv2,SOC 2,2025-09-03T14:05:58Z,,strong-signal query hit,Raiden-1001/poca-SoccerTwosv2,,False,reject,empty_readme
DrishtiSharma/SoccerTwos-numlayers-2,DrishtiSharma,SoccerTwos-numlayers-2,reinforcement-learning,"[""ml-agents"", ""tensorboard"", ""onnx"", ""unity-ml-agents"", ""deep-reinforcement-learning"", ""reinforcement-learning"", ""ML-Agents-SoccerTwos"", ""region:us""]",0,0,2023-03-28 13:53:13+00:00,2023-03-28 13:53:19+00:00,,https://huggingface.co/DrishtiSharma/SoccerTwos-numlayers-2,SOC 2,2025-09-03T14:05:58Z,,strong-signal query hit,DrishtiSharma/SoccerTwos-numlayers-2,,False,reject,empty_readme
DrishtiSharma/SoccerTwos-numlayers-4-2M-steps,DrishtiSharma,SoccerTwos-numlayers-4-2M-steps,reinforcement-learning,"[""ml-agents"", ""tensorboard"", ""onnx"", ""unity-ml-agents"", ""deep-reinforcement-learning"", ""reinforcement-learning"", ""ML-Agents-SoccerTwos"", ""region:us""]",0,0,2023-03-28 15:45:01+00:00,2023-03-28 15:45:09+00:00,,https://huggingface.co/DrishtiSharma/SoccerTwos-numlayers-4-2M-steps,SOC 2,2025-09-03T14:05:58Z,,strong-signal query hit,DrishtiSharma/SoccerTwos-numlayers-4-2M-steps,,False,reject,empty_readme
brand25/poca-SoccerTwos,brand25,poca-SoccerTwos,reinforcement-learning,"[""ml-agents"", ""tensorboard"", ""onnx"", ""unity-ml-agents"", ""deep-reinforcement-learning"", ""reinforcement-learning"", ""ML-Agents-SoccerTwos"", ""region:us""]",0,0,2023-03-31 06:57:06+00:00,2023-03-31 10:05:55+00:00,,https://huggingface.co/brand25/poca-SoccerTwos,SOC 2,2025-09-03T14:05:58Z,,strong-signal query hit,brand25/poca-SoccerTwos,,False,reject,empty_readme
Corianas/SoccerTwos_try2,Corianas,SoccerTwos_try2,reinforcement-learning,"[""ml-agents"", ""onnx"", ""unity-ml-agents"", ""deep-reinforcement-learning"", ""reinforcement-learning"", ""ML-Agents-SoccerTwos"", ""region:us""]",0,0,2023-03-31 13:33:16+00:00,2023-04-01 02:41:09+00:00,,https://huggingface.co/Corianas/SoccerTwos_try2,SOC 2,2025-09-03T14:05:59Z,,strong-signal query hit,Corianas/SoccerTwos_try2,,False,reject,empty_readme
yumingyi/poca-SoccerTwos-v2,yumingyi,poca-SoccerTwos-v2,reinforcement-learning,"[""ml-agents"", ""tensorboard"", ""onnx"", ""unity-ml-agents"", ""deep-reinforcement-learning"", ""reinforcement-learning"", ""ML-Agents-SoccerTwos"", ""region:us""]",0,0,2023-04-01 02:23:28+00:00,2023-04-01 02:23:43+00:00,,https://huggingface.co/yumingyi/poca-SoccerTwos-v2,SOC 2,2025-09-03T14:05:59Z,,strong-signal query hit,yumingyi/poca-SoccerTwos-v2,,False,reject,empty_readme
pchatz/palobert-base-greek-social-media-v2,pchatz,palobert-base-greek-social-media-v2,fill-mask,"[""transformers"", ""pytorch"", ""roberta"", ""fill-mask"", ""el"", ""arxiv:1907.11692"", ""autotrain_compatible"", ""endpoints_compatible"", ""region:us""]",4,3,2023-04-04 16:51:30+00:00,2023-04-06 12:46:21+00:00,,https://huggingface.co/pchatz/palobert-base-greek-social-media-v2,SOC 2,2025-09-03T14:05:59Z,,strong-signal query hit,pchatz/palobert-base-greek-social-media-v2,,False,reject,empty_readme
pchatz/palobert-base-greek-social-media-sentiment-v2,pchatz,palobert-base-greek-social-media-sentiment-v2,text-classification,"[""pytorch"", ""text-classification"", ""el"", ""arxiv:1907.11692"", ""region:us""]",0,1,2023-04-05 13:41:51+00:00,2023-04-06 12:47:01+00:00,,https://huggingface.co/pchatz/palobert-base-greek-social-media-sentiment-v2,SOC 2,2025-09-03T14:05:59Z,,strong-signal query hit,pchatz/palobert-base-greek-social-media-sentiment-v2,,False,reject,empty_readme
pchatz/greeksocialbert-base-greek-social-media-v2,pchatz,greeksocialbert-base-greek-social-media-v2,fill-mask,"[""transformers"", ""pytorch"", ""bert"", ""fill-mask"", ""el"", ""autotrain_compatible"", ""endpoints_compatible"", ""region:us""]",3,0,2023-04-05 14:03:51+00:00,2023-04-06 12:51:11+00:00,,https://huggingface.co/pchatz/greeksocialbert-base-greek-social-media-v2,SOC 2,2025-09-03T14:05:59Z,,strong-signal query hit,pchatz/greeksocialbert-base-greek-social-media-v2,,False,reject,empty_readme
dor88/SoccerTwos-v2,dor88,SoccerTwos-v2,,"[""region:us""]",0,0,2023-04-06 12:13:09+00:00,2023-04-06 12:13:09+00:00,,https://huggingface.co/dor88/SoccerTwos-v2,SOC 2,2025-09-03T14:06:00Z,,strong-signal query hit,dor88/SoccerTwos-v2,,False,reject,empty_readme
kraken2404/poca-SoccerTwos_test,kraken2404,poca-SoccerTwos_test,reinforcement-learning,"[""ml-agents"", ""tensorboard"", ""onnx"", ""unity-ml-agents"", ""deep-reinforcement-learning"", ""reinforcement-learning"", ""ML-Agents-SoccerTwos"", ""region:us""]",0,0,2023-04-07 09:12:58+00:00,2023-04-07 09:13:04+00:00,,https://huggingface.co/kraken2404/poca-SoccerTwos_test,SOC 2,2025-09-03T14:06:00Z,,strong-signal query hit,kraken2404/poca-SoccerTwos_test,,False,reject,empty_readme
kraken2404/poca-SoccerTwos_v1,kraken2404,poca-SoccerTwos_v1,reinforcement-learning,"[""ml-agents"", ""tensorboard"", ""onnx"", ""unity-ml-agents"", ""deep-reinforcement-learning"", ""reinforcement-learning"", ""ML-Agents-SoccerTwos"", ""region:us""]",0,0,2023-04-07 09:47:52+00:00,2023-04-07 09:47:57+00:00,,https://huggingface.co/kraken2404/poca-SoccerTwos_v1,SOC 2,2025-09-03T14:06:00Z,,strong-signal query hit,kraken2404/poca-SoccerTwos_v1,,False,reject,empty_readme
kraken2404/poca-SoccerTwos_v2.1,kraken2404,poca-SoccerTwos_v2.1,reinforcement-learning,"[""ml-agents"", ""tensorboard"", ""onnx"", ""unity-ml-agents"", ""deep-reinforcement-learning"", ""reinforcement-learning"", ""ML-Agents-SoccerTwos"", ""region:us""]",1,0,2023-04-08 09:46:06+00:00,2023-04-08 09:46:12+00:00,,https://huggingface.co/kraken2404/poca-SoccerTwos_v2.1,SOC 2,2025-09-03T14:06:00Z,,strong-signal query hit,kraken2404/poca-SoccerTwos_v2.1,,False,reject,empty_readme
kraken2404/poca-SoccerTwos_v3,kraken2404,poca-SoccerTwos_v3,reinforcement-learning,"[""ml-agents"", ""tensorboard"", ""onnx"", ""unity-ml-agents"", ""deep-reinforcement-learning"", ""reinforcement-learning"", ""ML-Agents-SoccerTwos"", ""region:us""]",0,0,2023-04-08 19:38:56+00:00,2023-04-08 19:39:02+00:00,,https://huggingface.co/kraken2404/poca-SoccerTwos_v3,SOC 2,2025-09-03T14:06:01Z,,strong-signal query hit,kraken2404/poca-SoccerTwos_v3,,False,reject,empty_readme
OMARS200/poca-SoccerTwos,OMARS200,poca-SoccerTwos,reinforcement-learning,"[""ml-agents"", ""tensorboard"", ""onnx"", ""unity-ml-agents"", ""deep-reinforcement-learning"", ""reinforcement-learning"", ""ML-Agents-SoccerTwos"", ""region:us""]",12,0,2023-04-15 17:02:57+00:00,2023-04-15 17:03:07+00:00,,https://huggingface.co/OMARS200/poca-SoccerTwos,SOC 2,2025-09-03T14:06:01Z,,strong-signal query hit,OMARS200/poca-SoccerTwos,,False,reject,empty_readme
alpotekhin/rubert-tiny2-socclassif,alpotekhin,rubert-tiny2-socclassif,text-classification,"[""transformers"", ""pytorch"", ""bert"", ""text-classification"", ""license:mit"", ""autotrain_compatible"", ""endpoints_compatible"", ""region:us""]",13,0,2023-04-16 10:32:00+00:00,2023-04-16 10:33:16+00:00,,https://huggingface.co/alpotekhin/rubert-tiny2-socclassif,SOC 2,2025-09-03T14:06:01Z,,strong-signal query hit,alpotekhin/rubert-tiny2-socclassif,,False,reject,empty_readme
mdapri/poca-SoccerTwos_v2,mdapri,poca-SoccerTwos_v2,,"[""region:us""]",0,0,2023-04-16 17:35:54+00:00,2023-04-16 17:35:54+00:00,,https://huggingface.co/mdapri/poca-SoccerTwos_v2,SOC 2,2025-09-03T14:06:01Z,,strong-signal query hit,mdapri/poca-SoccerTwos_v2,,False,reject,empty_readme
Sirianth/poca-SoccerTwos2,Sirianth,poca-SoccerTwos2,,"[""region:us""]",0,0,2023-04-20 01:43:09+00:00,2023-04-20 01:43:09+00:00,,https://huggingface.co/Sirianth/poca-SoccerTwos2,SOC 2,2025-09-03T14:06:01Z,,strong-signal query hit,Sirianth/poca-SoccerTwos2,,False,reject,empty_readme
pete88b/poca-SoccerTwos_2,pete88b,poca-SoccerTwos_2,reinforcement-learning,"[""ml-agents"", ""tensorboard"", ""onnx"", ""unity-ml-agents"", ""deep-reinforcement-learning"", ""reinforcement-learning"", ""ML-Agents-SoccerTwos"", ""region:us""]",14,0,2023-04-24 13:21:27+00:00,2023-04-24 13:21:46+00:00,,https://huggingface.co/pete88b/poca-SoccerTwos_2,SOC 2,2025-09-03T14:06:02Z,,strong-signal query hit,pete88b/poca-SoccerTwos_2,,False,reject,empty_readme
rodri2023/SoccerTwos,rodri2023,SoccerTwos,reinforcement-learning,"[""ml-agents"", ""tensorboard"", ""onnx"", ""unity-ml-agents"", ""deep-reinforcement-learning"", ""reinforcement-learning"", ""ML-Agents-SoccerTwos"", ""region:us""]",0,0,2023-04-24 14:24:18+00:00,2023-04-24 14:24:25+00:00,,https://huggingface.co/rodri2023/SoccerTwos,SOC 2,2025-09-03T14:06:02Z,,strong-signal query hit,rodri2023/SoccerTwos,,False,reject,empty_readme
Schwarzschild009/poca-SoccerTwos-v2,Schwarzschild009,poca-SoccerTwos-v2,reinforcement-learning,"[""ml-agents"", ""tensorboard"", ""onnx"", ""unity-ml-agents"", ""deep-reinforcement-learning"", ""reinforcement-learning"", ""ML-Agents-SoccerTwos"", ""region:us""]",6,0,2023-04-25 12:45:14+00:00,2023-04-25 12:45:19+00:00,,https://huggingface.co/Schwarzschild009/poca-SoccerTwos-v2,SOC 2,2025-09-03T14:06:02Z,,strong-signal query hit,Schwarzschild009/poca-SoccerTwos-v2,,False,reject,empty_readme
Apocalypse-19/Soccer2v2,Apocalypse-19,Soccer2v2,reinforcement-learning,"[""ml-agents"", ""tensorboard"", ""onnx"", ""unity-ml-agents"", ""deep-reinforcement-learning"", ""reinforcement-learning"", ""ML-Agents-SoccerTwos"", ""region:us""]",1,0,2023-04-25 15:59:52+00:00,2023-04-25 16:00:00+00:00,,https://huggingface.co/Apocalypse-19/Soccer2v2,SOC 2,2025-09-03T14:06:02Z,,strong-signal query hit,Apocalypse-19/Soccer2v2,,False,reject,empty_readme
andli28/poca-SoccerTwos,andli28,poca-SoccerTwos,reinforcement-learning,"[""ml-agents"", ""tensorboard"", ""onnx"", ""unity-ml-agents"", ""deep-reinforcement-learning"", ""reinforcement-learning"", ""ML-Agents-SoccerTwos"", ""region:us""]",11,0,2023-04-26 16:03:01+00:00,2023-04-27 02:51:56+00:00,,https://huggingface.co/andli28/poca-SoccerTwos,SOC 2,2025-09-03T14:06:02Z,,strong-signal query hit,andli28/poca-SoccerTwos,,False,reject,empty_readme
andli28/poca-SoccerTwos-50m,andli28,poca-SoccerTwos-50m,,"[""region:us""]",0,0,2023-04-27 00:34:41+00:00,2023-04-27 00:34:41+00:00,,https://huggingface.co/andli28/poca-SoccerTwos-50m,SOC 2,2025-09-03T14:06:03Z,,strong-signal query hit,andli28/poca-SoccerTwos-50m,,False,reject,empty_readme
Isaac009/poca-SoccerTwos-v2,Isaac009,poca-SoccerTwos-v2,reinforcement-learning,"[""ml-agents"", ""tensorboard"", ""onnx"", ""SoccerTwos"", ""deep-reinforcement-learning"", ""reinforcement-learning"", ""ML-Agents-SoccerTwos"", ""region:us""]",5,0,2023-04-27 01:00:11+00:00,2023-04-27 01:00:17+00:00,,https://huggingface.co/Isaac009/poca-SoccerTwos-v2,SOC 2,2025-09-03T14:06:03Z,,strong-signal query hit,Isaac009/poca-SoccerTwos-v2,,False,reject,empty_readme
RokudouMukuro/poca-SoccerTwosV2,RokudouMukuro,poca-SoccerTwosV2,reinforcement-learning,"[""ml-agents"", ""tensorboard"", ""onnx"", ""unity-ml-agents"", ""deep-reinforcement-learning"", ""reinforcement-learning"", ""ML-Agents-SoccerTwos"", ""region:us""]",0,0,2023-04-27 05:16:00+00:00,2023-04-27 05:16:09+00:00,,https://huggingface.co/RokudouMukuro/poca-SoccerTwosV2,SOC 2,2025-09-03T14:06:03Z,,strong-signal query hit,RokudouMukuro/poca-SoccerTwosV2,,False,reject,empty_readme
sumitk/poca-SoccerTwos-2,sumitk,poca-SoccerTwos-2,reinforcement-learning,"[""ml-agents"", ""tensorboard"", ""onnx"", ""unity-ml-agents"", ""deep-reinforcement-learning"", ""reinforcement-learning"", ""ML-Agents-SoccerTwos"", ""region:us""]",0,0,2023-04-27 06:41:16+00:00,2023-04-27 06:41:34+00:00,,https://huggingface.co/sumitk/poca-SoccerTwos-2,SOC 2,2025-09-03T14:06:03Z,,strong-signal query hit,sumitk/poca-SoccerTwos-2,,False,reject,empty_readme
Bear23/gpt-neo-socrates-lora-trl,Bear23,gpt-neo-socrates-lora-trl,,"[""license:apache-2.0"", ""region:us""]",0,0,2023-04-30 04:09:58+00:00,2023-04-30 04:09:58+00:00,,https://huggingface.co/Bear23/gpt-neo-socrates-lora-trl,SOC 2,2025-09-03T14:06:03Z,,strong-signal query hit,Bear23/gpt-neo-socrates-lora-trl,,False,reject,empty_readme
WilliamADSP/poca-SoccerTwos-v2,WilliamADSP,poca-SoccerTwos-v2,reinforcement-learning,"[""ml-agents"", ""tensorboard"", ""onnx"", ""unity-ml-agents"", ""deep-reinforcement-learning"", ""reinforcement-learning"", ""ML-Agents-SoccerTwos"", ""region:us""]",2,0,2023-05-04 10:57:52+00:00,2023-05-04 14:19:26+00:00,,https://huggingface.co/WilliamADSP/poca-SoccerTwos-v2,SOC 2,2025-09-03T14:06:04Z,,strong-signal query hit,WilliamADSP/poca-SoccerTwos-v2,,False,reject,empty_readme
Genius-Society/HEp2,Genius-Society,HEp2,,"[""medical"", ""biology"", ""dataset:Genius-Society/HEp2"", ""license:mit"", ""region:us""]",0,12,2023-05-06 08:14:31+00:00,2025-03-27 23:29:26+00:00,,https://huggingface.co/Genius-Society/HEp2,SOC 2,2025-09-03T14:06:04Z,,strong-signal query hit,Genius-Society/HEp2,,False,reject,empty_readme
DJDonovan/poca-SoccerTwos2,DJDonovan,poca-SoccerTwos2,reinforcement-learning,"[""ml-agents"", ""tensorboard"", ""onnx"", ""unity-ml-agents"", ""deep-reinforcement-learning"", ""reinforcement-learning"", ""ML-Agents-SoccerTwos"", ""region:us""]",0,0,2023-05-07 17:12:36+00:00,2023-05-07 17:16:16+00:00,,https://huggingface.co/DJDonovan/poca-SoccerTwos2,SOC 2,2025-09-03T14:06:04Z,,strong-signal query hit,DJDonovan/poca-SoccerTwos2,,False,reject,empty_readme
grenlayk/gpt2-medium-socialiqa,grenlayk,gpt2-medium-socialiqa,text-generation,"[""transformers"", ""pytorch"", ""gpt2"", ""text-generation"", ""autotrain_compatible"", ""text-generation-inference"", ""endpoints_compatible"", ""region:us""]",12,0,2023-05-09 18:12:11+00:00,2023-06-18 19:36:08+00:00,,https://huggingface.co/grenlayk/gpt2-medium-socialiqa,SOC 2,2025-09-03T14:06:04Z,,strong-signal query hit,grenlayk/gpt2-medium-socialiqa,,False,reject,empty_readme
Lorius2/poca-SoccerTwos,Lorius2,poca-SoccerTwos,reinforcement-learning,"[""ml-agents"", ""tensorboard"", ""onnx"", ""unity-ml-agents"", ""deep-reinforcement-learning"", ""reinforcement-learning"", ""ML-Agents-SoccerTwos"", ""region:us""]",0,0,2023-05-13 23:44:47+00:00,2023-05-14 00:12:09+00:00,,https://huggingface.co/Lorius2/poca-SoccerTwos,SOC 2,2025-09-03T14:06:04Z,,strong-signal query hit,Lorius2/poca-SoccerTwos,,False,reject,empty_readme
Ziyu23/poca-SoccerTwos,Ziyu23,poca-SoccerTwos,reinforcement-learning,"[""ml-agents"", ""tensorboard"", ""unity-ml-agents"", ""deep-reinforcement-learning"", ""reinforcement-learning"", ""ML-Agents-SoccerTwos"", ""region:us""]",0,0,2023-05-26 19:41:19+00:00,2023-05-26 19:41:27+00:00,,https://huggingface.co/Ziyu23/poca-SoccerTwos,SOC 2,2025-09-03T14:06:05Z,,strong-signal query hit,Ziyu23/poca-SoccerTwos,,False,reject,empty_readme
thomas2112/poca-SoccerTwos,thomas2112,poca-SoccerTwos,,"[""region:us""]",0,0,2023-05-30 09:35:19+00:00,2023-05-30 09:35:19+00:00,,https://huggingface.co/thomas2112/poca-SoccerTwos,SOC 2,2025-09-03T14:06:05Z,,strong-signal query hit,thomas2112/poca-SoccerTwos,,False,reject,empty_readme
jeongwoo25/mmorpg-society-finetuning,jeongwoo25,mmorpg-society-finetuning,text-to-image,"[""diffusers"", ""tensorboard"", ""autotrain_compatible"", ""endpoints_compatible"", ""diffusers:StableDiffusionPipeline"", ""region:us""]",2,0,2023-06-08 08:06:08+00:00,2023-06-08 08:30:57+00:00,,https://huggingface.co/jeongwoo25/mmorpg-society-finetuning,SOC 2,2025-09-03T14:06:05Z,,strong-signal query hit,jeongwoo25/mmorpg-society-finetuning,,False,reject,empty_readme
dungtd2403/poca-SoccerTwos,dungtd2403,poca-SoccerTwos,reinforcement-learning,"[""ml-agents"", ""tensorboard"", ""onnx"", ""unity-ml-agents"", ""deep-reinforcement-learning"", ""reinforcement-learning"", ""ML-Agents-SoccerTwos"", ""region:us""]",0,0,2023-06-18 09:07:14+00:00,2023-06-18 09:33:50+00:00,,https://huggingface.co/dungtd2403/poca-SoccerTwos,SOC 2,2025-09-03T14:06:05Z,,strong-signal query hit,dungtd2403/poca-SoccerTwos,,False,reject,empty_readme
dungtd2403/SoccerTwos,dungtd2403,SoccerTwos,,"[""region:us""]",0,0,2023-06-18 09:30:14+00:00,2023-06-18 09:30:14+00:00,,https://huggingface.co/dungtd2403/SoccerTwos,SOC 2,2025-09-03T14:06:05Z,,strong-signal query hit,dungtd2403/SoccerTwos,,False,reject,empty_readme
user1251/soccer_finetuned_model_final2,user1251,soccer_finetuned_model_final2,text-generation,"[""transformers"", ""pytorch"", ""tensorboard"", ""gpt2"", ""text-generation"", ""generated_from_trainer"", ""license:apache-2.0"", ""autotrain_compatible"", ""text-generation-inference"", ""endpoints_compatible"", ""region:us""]",10,0,2023-06-22 07:51:15+00:00,2023-06-22 08:10:21+00:00,,https://huggingface.co/user1251/soccer_finetuned_model_final2,SOC 2,2025-09-03T14:06:06Z,,strong-signal query hit,user1251/soccer_finetuned_model_final2,,False,reject,empty_readme
user1251/soccer_finetuned_model2_final1,user1251,soccer_finetuned_model2_final1,text-generation,"[""transformers"", ""pytorch"", ""tensorboard"", ""gpt2"", ""text-generation"", ""generated_from_trainer"", ""license:apache-2.0"", ""autotrain_compatible"", ""text-generation-inference"", ""endpoints_compatible"", ""region:us""]",11,0,2023-06-22 13:35:55+00:00,2023-06-22 13:38:28+00:00,,https://huggingface.co/user1251/soccer_finetuned_model2_final1,SOC 2,2025-09-03T14:06:06Z,,strong-signal query hit,user1251/soccer_finetuned_model2_final1,,False,reject,empty_readme
user1251/soccer_finetuned_model2_final2,user1251,soccer_finetuned_model2_final2,text-generation,"[""transformers"", ""pytorch"", ""tensorboard"", ""gpt2"", ""text-generation"", ""generated_from_trainer"", ""license:apache-2.0"", ""autotrain_compatible"", ""text-generation-inference"", ""endpoints_compatible"", ""region:us""]",11,0,2023-06-22 13:45:39+00:00,2023-06-22 14:02:55+00:00,,https://huggingface.co/user1251/soccer_finetuned_model2_final2,SOC 2,2025-09-03T14:06:06Z,,strong-signal query hit,user1251/soccer_finetuned_model2_final2,,False,reject,empty_readme
user1251/soccer_finetuned_model2_final3,user1251,soccer_finetuned_model2_final3,text-generation,"[""transformers"", ""pytorch"", ""tensorboard"", ""gpt2"", ""text-generation"", ""generated_from_trainer"", ""license:apache-2.0"", ""autotrain_compatible"", ""text-generation-inference"", ""endpoints_compatible"", ""region:us""]",10,0,2023-06-22 14:06:39+00:00,2023-06-22 14:08:06+00:00,,https://huggingface.co/user1251/soccer_finetuned_model2_final3,SOC 2,2025-09-03T14:06:06Z,,strong-signal query hit,user1251/soccer_finetuned_model2_final3,,False,reject,empty_readme
user1251/soccer_finetuned_model2_final4,user1251,soccer_finetuned_model2_final4,text-generation,"[""transformers"", ""pytorch"", ""tensorboard"", ""gpt2"", ""text-generation"", ""generated_from_trainer"", ""license:apache-2.0"", ""autotrain_compatible"", ""text-generation-inference"", ""endpoints_compatible"", ""region:us""]",11,0,2023-06-22 14:17:12+00:00,2023-06-22 14:27:04+00:00,,https://huggingface.co/user1251/soccer_finetuned_model2_final4,SOC 2,2025-09-03T14:06:07Z,,strong-signal query hit,user1251/soccer_finetuned_model2_final4,,False,reject,empty_readme
user1251/soccer_finetuned_model2_final5,user1251,soccer_finetuned_model2_final5,text-generation,"[""transformers"", ""pytorch"", ""tensorboard"", ""gpt2"", ""text-generation"", ""generated_from_trainer"", ""license:apache-2.0"", ""autotrain_compatible"", ""text-generation-inference"", ""endpoints_compatible"", ""region:us""]",11,0,2023-06-22 14:39:47+00:00,2023-06-22 14:40:51+00:00,,https://huggingface.co/user1251/soccer_finetuned_model2_final5,SOC 2,2025-09-03T14:06:07Z,,strong-signal query hit,user1251/soccer_finetuned_model2_final5,,False,reject,empty_readme
rodrigoclira/poca-SoccerTwos2,rodrigoclira,poca-SoccerTwos2,,"[""region:us""]",0,0,2023-06-27 20:02:42+00:00,2023-06-27 20:02:42+00:00,,https://huggingface.co/rodrigoclira/poca-SoccerTwos2,SOC 2,2025-09-03T14:06:07Z,,strong-signal query hit,rodrigoclira/poca-SoccerTwos2,,False,reject,empty_readme
fatcat22/poca-SoccerTwos,fatcat22,poca-SoccerTwos,reinforcement-learning,"[""ml-agents"", ""tensorboard"", ""onnx"", ""SoccerTwos"", ""deep-reinforcement-learning"", ""reinforcement-learning"", ""ML-Agents-SoccerTwos"", ""region:us""]",0,0,2023-07-06 14:16:27+00:00,2023-07-06 14:16:31+00:00,,https://huggingface.co/fatcat22/poca-SoccerTwos,SOC 2,2025-09-03T14:06:07Z,,strong-signal query hit,fatcat22/poca-SoccerTwos,,False,reject,empty_readme
qgallouedec/soccer-v2,qgallouedec,soccer-v2,reinforcement-learning,"[""sample-factory"", ""tensorboard"", ""deep-reinforcement-learning"", ""reinforcement-learning"", ""model-index"", ""region:us""]",0,0,2023-07-08 10:02:07+00:00,2023-08-22 09:44:14+00:00,,https://huggingface.co/qgallouedec/soccer-v2,SOC 2,2025-09-03T14:06:07Z,,strong-signal query hit,qgallouedec/soccer-v2,,False,reject,empty_readme
dp15/poca-SoccerTwosv2,dp15,poca-SoccerTwosv2,reinforcement-learning,"[""ml-agents"", ""tensorboard"", ""onnx"", ""SoccerTwos"", ""deep-reinforcement-learning"", ""reinforcement-learning"", ""ML-Agents-SoccerTwos"", ""region:us""]",0,0,2023-07-09 19:45:35+00:00,2023-07-09 19:50:02+00:00,,https://huggingface.co/dp15/poca-SoccerTwosv2,SOC 2,2025-09-03T14:06:08Z,,strong-signal query hit,dp15/poca-SoccerTwosv2,,False,reject,empty_readme
t23e2/poca-SoccerTwos,t23e2,poca-SoccerTwos,reinforcement-learning,"[""ml-agents"", ""tensorboard"", ""onnx"", ""SoccerTwos"", ""deep-reinforcement-learning"", ""reinforcement-learning"", ""ML-Agents-SoccerTwos"", ""region:us""]",11,0,2023-07-12 18:20:11+00:00,2023-07-12 18:20:17+00:00,,https://huggingface.co/t23e2/poca-SoccerTwos,SOC 2,2025-09-03T14:06:08Z,,strong-signal query hit,t23e2/poca-SoccerTwos,,False,reject,empty_readme
SotirisLegkas/Socratic-GODEL-2,SotirisLegkas,Socratic-GODEL-2,,"[""transformers"", ""pytorch"", ""t5"", ""text2text-generation"", ""text-generation-inference"", ""endpoints_compatible"", ""region:us""]",2,0,2023-07-14 17:16:26+00:00,2023-07-17 09:21:47+00:00,,https://huggingface.co/SotirisLegkas/Socratic-GODEL-2,SOC 2,2025-09-03T14:06:08Z,,strong-signal query hit,SotirisLegkas/Socratic-GODEL-2,,False,reject,empty_readme
vk21/poca-SoccerTwos-unit7,vk21,poca-SoccerTwos-unit7,reinforcement-learning,"[""ml-agents"", ""tensorboard"", ""onnx"", ""SoccerTwos"", ""deep-reinforcement-learning"", ""reinforcement-learning"", ""ML-Agents-SoccerTwos"", ""region:us""]",7,0,2023-07-19 15:20:25+00:00,2023-07-19 15:20:42+00:00,,https://huggingface.co/vk21/poca-SoccerTwos-unit7,SOC 2,2025-09-03T14:06:08Z,,strong-signal query hit,vk21/poca-SoccerTwos-unit7,,False,reject,empty_readme
giocs2017/poca-SoccerTwos,giocs2017,poca-SoccerTwos,reinforcement-learning,"[""ml-agents"", ""tensorboard"", ""onnx"", ""SoccerTwos"", ""deep-reinforcement-learning"", ""reinforcement-learning"", ""ML-Agents-SoccerTwos"", ""region:us""]",5,0,2023-07-24 04:11:54+00:00,2023-07-24 04:11:58+00:00,,https://huggingface.co/giocs2017/poca-SoccerTwos,SOC 2,2025-09-03T14:06:08Z,,strong-signal query hit,giocs2017/poca-SoccerTwos,,False,reject,empty_readme
pratsy/poca-SoccerTwos-v2,pratsy,poca-SoccerTwos-v2,reinforcement-learning,"[""ml-agents"", ""tensorboard"", ""onnx"", ""SoccerTwos"", ""deep-reinforcement-learning"", ""reinforcement-learning"", ""ML-Agents-SoccerTwos"", ""region:us""]",0,0,2023-07-31 06:15:50+00:00,2023-07-31 06:16:56+00:00,,https://huggingface.co/pratsy/poca-SoccerTwos-v2,SOC 2,2025-09-03T14:06:09Z,,strong-signal query hit,pratsy/poca-SoccerTwos-v2,,False,reject,empty_readme
aphi/poca-SoccerTwos_v2,aphi,poca-SoccerTwos_v2,reinforcement-learning,"[""ml-agents"", ""tensorboard"", ""onnx"", ""SoccerTwos"", ""deep-reinforcement-learning"", ""reinforcement-learning"", ""ML-Agents-SoccerTwos"", ""region:us""]",0,0,2023-08-06 10:26:44+00:00,2023-08-06 10:28:16+00:00,,https://huggingface.co/aphi/poca-SoccerTwos_v2,SOC 2,2025-09-03T14:06:09Z,,strong-signal query hit,aphi/poca-SoccerTwos_v2,,False,reject,empty_readme
akdeniz27/poca-SoccerTwos,akdeniz27,poca-SoccerTwos,reinforcement-learning,"[""ml-agents"", ""tensorboard"", ""onnx"", ""SoccerTwos"", ""deep-reinforcement-learning"", ""reinforcement-learning"", ""ML-Agents-SoccerTwos"", ""region:us""]",1,0,2023-08-07 06:53:03+00:00,2023-08-07 06:58:12+00:00,,https://huggingface.co/akdeniz27/poca-SoccerTwos,SOC 2,2025-09-03T14:06:09Z,,strong-signal query hit,akdeniz27/poca-SoccerTwos,,False,reject,empty_readme
Mtc2/poca-SoccerTwos,Mtc2,poca-SoccerTwos,reinforcement-learning,"[""ml-agents"", ""tensorboard"", ""onnx"", ""SoccerTwos"", ""deep-reinforcement-learning"", ""reinforcement-learning"", ""ML-Agents-SoccerTwos"", ""region:us""]",1,0,2023-08-13 13:27:24+00:00,2023-08-13 13:31:31+00:00,,https://huggingface.co/Mtc2/poca-SoccerTwos,SOC 2,2025-09-03T14:06:09Z,,strong-signal query hit,Mtc2/poca-SoccerTwos,,False,reject,empty_readme
DarkAirforce/poca-SoccerTwos_v2,DarkAirforce,poca-SoccerTwos_v2,reinforcement-learning,"[""ml-agents"", ""tensorboard"", ""onnx"", ""SoccerTwos"", ""deep-reinforcement-learning"", ""reinforcement-learning"", ""ML-Agents-SoccerTwos"", ""region:us""]",0,0,2023-08-15 02:14:42+00:00,2023-08-15 02:14:46+00:00,,https://huggingface.co/DarkAirforce/poca-SoccerTwos_v2,SOC 2,2025-09-03T14:06:09Z,,strong-signal query hit,DarkAirforce/poca-SoccerTwos_v2,,False,reject,empty_readme
YCHuang2112/poca-SoccerTwos,YCHuang2112,poca-SoccerTwos,reinforcement-learning,"[""ml-agents"", ""tensorboard"", ""onnx"", ""ML-Agents-SoccerTwos"", ""SoccerTwos"", ""deep-reinforcement-learning"", ""reinforcement-learning"", ""region:us""]",22,0,2023-08-17 19:25:25+00:00,2023-08-19 21:06:18+00:00,,https://huggingface.co/YCHuang2112/poca-SoccerTwos,SOC 2,2025-09-03T14:06:10Z,,strong-signal query hit,YCHuang2112/poca-SoccerTwos,,False,reject,empty_readme
nomad-ai/poca-SoccerTwos-test-2,nomad-ai,poca-SoccerTwos-test-2,reinforcement-learning,"[""ml-agents"", ""tensorboard"", ""onnx"", ""SoccerTwos"", ""deep-reinforcement-learning"", ""reinforcement-learning"", ""ML-Agents-SoccerTwos"", ""region:us""]",6,0,2023-08-18 00:50:18+00:00,2023-08-18 00:50:25+00:00,,https://huggingface.co/nomad-ai/poca-SoccerTwos-test-2,SOC 2,2025-09-03T14:06:10Z,,strong-signal query hit,nomad-ai/poca-SoccerTwos-test-2,,False,reject,empty_readme
pasto2003/poca-SoccerTwos,pasto2003,poca-SoccerTwos,reinforcement-learning,"[""ml-agents"", ""tensorboard"", ""onnx"", ""SoccerTwos"", ""deep-reinforcement-learning"", ""reinforcement-learning"", ""ML-Agents-SoccerTwos"", ""region:us""]",0,0,2023-08-21 06:11:48+00:00,2023-08-21 06:11:54+00:00,,https://huggingface.co/pasto2003/poca-SoccerTwos,SOC 2,2025-09-03T14:06:10Z,,strong-signal query hit,pasto2003/poca-SoccerTwos,,False,reject,empty_readme
Maxph2211/poca-SoccerTwos,Maxph2211,poca-SoccerTwos,reinforcement-learning,"[""ml-agents"", ""tensorboard"", ""onnx"", ""SoccerTwos"", ""deep-reinforcement-learning"", ""reinforcement-learning"", ""ML-Agents-SoccerTwos"", ""region:us""]",3,0,2023-08-21 15:06:56+00:00,2023-08-21 15:07:34+00:00,,https://huggingface.co/Maxph2211/poca-SoccerTwos,SOC 2,2025-09-03T14:06:10Z,,strong-signal query hit,Maxph2211/poca-SoccerTwos,,False,reject,empty_readme
CzarnyRycerz/poca-SoccerTwos-2,CzarnyRycerz,poca-SoccerTwos-2,reinforcement-learning,"[""ml-agents"", ""tensorboard"", ""onnx"", ""SoccerTwos"", ""deep-reinforcement-learning"", ""reinforcement-learning"", ""ML-Agents-SoccerTwos"", ""region:us""]",10,0,2023-09-09 19:40:10+00:00,2023-09-09 20:34:46+00:00,,https://huggingface.co/CzarnyRycerz/poca-SoccerTwos-2,SOC 2,2025-09-03T14:06:10Z,,strong-signal query hit,CzarnyRycerz/poca-SoccerTwos-2,,False,reject,empty_readme
nitikaverma26/poca-SoccerTwos,nitikaverma26,poca-SoccerTwos,reinforcement-learning,"[""ml-agents"", ""tensorboard"", ""onnx"", ""SoccerTwos"", ""deep-reinforcement-learning"", ""reinforcement-learning"", ""ML-Agents-SoccerTwos"", ""region:us""]",0,0,2023-09-13 20:29:23+00:00,2023-09-13 20:33:05+00:00,,https://huggingface.co/nitikaverma26/poca-SoccerTwos,SOC 2,2025-09-03T14:06:11Z,,strong-signal query hit,nitikaverma26/poca-SoccerTwos,,False,reject,empty_readme
kyuwon416/poca-SoccerTwos-v2,kyuwon416,poca-SoccerTwos-v2,,"[""region:us""]",0,0,2023-09-21 02:01:26+00:00,2023-09-21 02:01:26+00:00,,https://huggingface.co/kyuwon416/poca-SoccerTwos-v2,SOC 2,2025-09-03T14:06:11Z,,strong-signal query hit,kyuwon416/poca-SoccerTwos-v2,,False,reject,empty_readme
AndrewL088/poca-SoccerTwos2,AndrewL088,poca-SoccerTwos2,reinforcement-learning,"[""ml-agents"", ""tensorboard"", ""onnx"", ""SoccerTwos"", ""deep-reinforcement-learning"", ""reinforcement-learning"", ""ML-Agents-SoccerTwos"", ""region:us""]",0,0,2023-09-22 05:40:27+00:00,2023-09-22 05:40:36+00:00,,https://huggingface.co/AndrewL088/poca-SoccerTwos2,SOC 2,2025-09-03T14:06:11Z,,strong-signal query hit,AndrewL088/poca-SoccerTwos2,,False,reject,empty_readme
next-social/blip2-opt-2.7b-bf16,next-social,blip2-opt-2.7b-bf16,image-to-text,"[""transformers"", ""pytorch"", ""blip-2"", ""image-to-text"", ""endpoints_compatible"", ""region:us""]",8,0,2023-09-28 04:21:45+00:00,2023-09-28 08:06:39+00:00,,https://huggingface.co/next-social/blip2-opt-2.7b-bf16,SOC 2,2025-09-03T14:06:11Z,,strong-signal query hit,next-social/blip2-opt-2.7b-bf16,,False,reject,empty_readme
mchen-hf-2023/poca-SoccerTwos,mchen-hf-2023,poca-SoccerTwos,reinforcement-learning,"[""ml-agents"", ""tensorboard"", ""onnx"", ""SoccerTwos"", ""deep-reinforcement-learning"", ""reinforcement-learning"", ""ML-Agents-SoccerTwos"", ""region:us""]",1,0,2023-10-06 14:40:27+00:00,2023-10-06 14:40:38+00:00,,https://huggingface.co/mchen-hf-2023/poca-SoccerTwos,SOC 2,2025-09-03T14:06:11Z,,strong-signal query hit,mchen-hf-2023/poca-SoccerTwos,,False,reject,empty_readme
kupru/poca-SoccerTwos-2,kupru,poca-SoccerTwos-2,reinforcement-learning,"[""ml-agents"", ""tensorboard"", ""onnx"", ""SoccerTwos"", ""deep-reinforcement-learning"", ""reinforcement-learning"", ""ML-Agents-SoccerTwos"", ""region:us""]",9,0,2023-10-08 16:54:03+00:00,2023-10-08 16:58:07+00:00,,https://huggingface.co/kupru/poca-SoccerTwos-2,SOC 2,2025-09-03T14:06:12Z,,strong-signal query hit,kupru/poca-SoccerTwos-2,,False,reject,empty_readme
Waterfront/Llama-2-7b-chat-hf-social-media-captions-10k,Waterfront,Llama-2-7b-chat-hf-social-media-captions-10k,,"[""generated_from_trainer"", ""base_model:meta-llama/Llama-2-7b-chat-hf"", ""base_model:finetune:meta-llama/Llama-2-7b-chat-hf"", ""region:us""]",0,0,2023-10-19 06:39:43+00:00,2023-10-19 09:04:22+00:00,,https://huggingface.co/Waterfront/Llama-2-7b-chat-hf-social-media-captions-10k,SOC 2,2025-09-03T14:06:12Z,,strong-signal query hit,Waterfront/Llama-2-7b-chat-hf-social-media-captions-10k,,False,reject,empty_readme
Sociedade/bert-finetuned-squad-2,Sociedade,bert-finetuned-squad-2,,"[""region:us""]",0,0,2023-10-20 17:52:59+00:00,2023-10-20 17:52:59+00:00,,https://huggingface.co/Sociedade/bert-finetuned-squad-2,SOC 2,2025-09-03T14:06:12Z,,strong-signal query hit,Sociedade/bert-finetuned-squad-2,,False,reject,empty_readme
rybread01/socratic_ed_llama_2_7b,rybread01,socratic_ed_llama_2_7b,,"[""region:us""]",0,0,2023-10-26 21:31:25+00:00,2023-10-26 21:31:25+00:00,,https://huggingface.co/rybread01/socratic_ed_llama_2_7b,SOC 2,2025-09-03T14:06:12Z,,strong-signal query hit,rybread01/socratic_ed_llama_2_7b,,False,reject,empty_readme
anirudhmu/videomae-base-finetuned-soccer-action-recognition2,anirudhmu,videomae-base-finetuned-soccer-action-recognition2,video-classification,"[""transformers"", ""pytorch"", ""videomae"", ""video-classification"", ""endpoints_compatible"", ""region:us""]",3,1,2023-10-29 01:50:51+00:00,2023-10-29 15:00:25+00:00,,https://huggingface.co/anirudhmu/videomae-base-finetuned-soccer-action-recognition2,SOC 2,2025-09-03T14:06:12Z,,strong-signal query hit,anirudhmu/videomae-base-finetuned-soccer-action-recognition2,,False,reject,empty_readme
MichaelVeser/opensecurity-soc-v2,MichaelVeser,opensecurity-soc-v2,text-generation,"[""transformers"", ""pytorch"", ""llama"", ""text-generation"", ""conversational"", ""autotrain_compatible"", ""text-generation-inference"", ""endpoints_compatible"", ""region:us""]",6,0,2023-11-01 15:12:54+00:00,2023-11-01 15:20:31+00:00,,https://huggingface.co/MichaelVeser/opensecurity-soc-v2,SOC 2,2025-09-03T14:06:13Z,,strong-signal query hit,MichaelVeser/opensecurity-soc-v2,,False,reject,empty_readme
anirudhmu/videomae-base-finetuned-soccer-action-recognitionx2,anirudhmu,videomae-base-finetuned-soccer-action-recognitionx2,video-classification,"[""transformers"", ""tensorboard"", ""safetensors"", ""videomae"", ""video-classification"", ""endpoints_compatible"", ""region:us""]",2,0,2023-11-08 03:42:41+00:00,2023-11-08 06:51:12+00:00,,https://huggingface.co/anirudhmu/videomae-base-finetuned-soccer-action-recognitionx2,SOC 2,2025-09-03T14:06:13Z,,strong-signal query hit,anirudhmu/videomae-base-finetuned-soccer-action-recognitionx2,,False,reject,empty_readme
anirudhmu/anirudhmuvideomae-base-finetuned-soccer-action-recognitionx2,anirudhmu,anirudhmuvideomae-base-finetuned-soccer-action-recognitionx2,,"[""region:us""]",0,0,2023-11-08 07:54:01+00:00,2023-11-08 07:54:01+00:00,,https://huggingface.co/anirudhmu/anirudhmuvideomae-base-finetuned-soccer-action-recognitionx2,SOC 2,2025-09-03T14:06:13Z,,strong-signal query hit,anirudhmu/anirudhmuvideomae-base-finetuned-soccer-action-recognitionx2,,False,reject,empty_readme
anirudhmu/swin-tiny-patch4-window7-224-finetuned-soccer-binary,anirudhmu,swin-tiny-patch4-window7-224-finetuned-soccer-binary,image-classification,"[""transformers"", ""tensorboard"", ""safetensors"", ""swin"", ""image-classification"", ""generated_from_trainer"", ""dataset:imagefolder"", ""base_model:microsoft/swin-tiny-patch4-window7-224"", ""base_model:finetune:microsoft/swin-tiny-patch4-window7-224"", ""license:apache-2.0"", ""model-index"", ""autotrain_compatible"", ""endpoints_compatible"", ""region:us""]",3,0,2023-11-11 02:37:02+00:00,2023-11-11 03:00:24+00:00,,https://huggingface.co/anirudhmu/swin-tiny-patch4-window7-224-finetuned-soccer-binary,SOC 2,2025-09-03T14:06:13Z,,strong-signal query hit,anirudhmu/swin-tiny-patch4-window7-224-finetuned-soccer-binary,,False,reject,empty_readme
anirudhmu/swin-tiny-patch4-window7-224-finetuned-soccer-binary2,anirudhmu,swin-tiny-patch4-window7-224-finetuned-soccer-binary2,image-classification,"[""transformers"", ""tensorboard"", ""safetensors"", ""swin"", ""image-classification"", ""generated_from_trainer"", ""dataset:imagefolder"", ""base_model:microsoft/swin-tiny-patch4-window7-224"", ""base_model:finetune:microsoft/swin-tiny-patch4-window7-224"", ""license:apache-2.0"", ""model-index"", ""autotrain_compatible"", ""endpoints_compatible"", ""region:us""]",3,0,2023-11-22 19:32:55+00:00,2023-11-22 19:52:59+00:00,,https://huggingface.co/anirudhmu/swin-tiny-patch4-window7-224-finetuned-soccer-binary2,SOC 2,2025-09-03T14:06:13Z,,strong-signal query hit,anirudhmu/swin-tiny-patch4-window7-224-finetuned-soccer-binary2,,False,reject,empty_readme
Blueberry2018/SOCAL-cls,Blueberry2018,SOCAL-cls,video-classification,"[""transformers"", ""tensorboard"", ""safetensors"", ""videomae"", ""video-classification"", ""endpoints_compatible"", ""region:us""]",4,0,2023-12-03 02:25:51+00:00,2023-12-04 02:21:26+00:00,,https://huggingface.co/Blueberry2018/SOCAL-cls,SOC 2,2025-09-03T14:06:14Z,,strong-signal query hit,Blueberry2018/SOCAL-cls,,False,reject,empty_readme
Asheron/SoccerTwosWSL2,Asheron,SoccerTwosWSL2,reinforcement-learning,"[""ml-agents"", ""tensorboard"", ""onnx"", ""SoccerTwos"", ""deep-reinforcement-learning"", ""reinforcement-learning"", ""ML-Agents-SoccerTwos"", ""region:us""]",0,0,2023-12-04 05:11:55+00:00,2023-12-04 05:18:06+00:00,,https://huggingface.co/Asheron/SoccerTwosWSL2,SOC 2,2025-09-03T14:06:14Z,,strong-signal query hit,Asheron/SoccerTwosWSL2,,False,reject,empty_readme
dreamboat26/SoccerTwos,dreamboat26,SoccerTwos,reinforcement-learning,"[""ml-agents"", ""tensorboard"", ""onnx"", ""unity-ml-agents"", ""deep-reinforcement-learning"", ""reinforcement-learning"", ""ML-Agents-SoccerTwos"", ""region:us""]",7,0,2023-12-08 15:50:55+00:00,2023-12-08 16:25:44+00:00,,https://huggingface.co/dreamboat26/SoccerTwos,SOC 2,2025-09-03T14:06:14Z,,strong-signal query hit,dreamboat26/SoccerTwos,,False,reject,empty_readme
GraydientPlatformAPI/socamerge2,GraydientPlatformAPI,socamerge2,text-to-image,"[""diffusers"", ""safetensors"", ""license:openrail"", ""autotrain_compatible"", ""endpoints_compatible"", ""diffusers:StableDiffusionXLPipeline"", ""region:us""]",0,0,2023-12-09 14:47:31+00:00,2023-12-09 15:08:42+00:00,,https://huggingface.co/GraydientPlatformAPI/socamerge2,SOC 2,2025-09-03T14:06:14Z,,strong-signal query hit,GraydientPlatformAPI/socamerge2,,False,reject,empty_readme
automorphic/LORA_20231221_044920_sociology,automorphic,LORA_20231221_044920_sociology,,"[""pytorch"", ""safetensors"", ""en"", ""dataset:cais/mmlu"", ""arxiv:1910.09700"", ""license:mit"", ""region:us""]",0,0,2023-12-21 16:54:05+00:00,2023-12-21 16:54:09+00:00,,https://huggingface.co/automorphic/LORA_20231221_044920_sociology,SOC 2,2025-09-03T14:06:15Z,,strong-signal query hit,automorphic/LORA_20231221_044920_sociology,,False,reject,empty_readme
No-Sock/gpt2-finetuned-wikitext2,No-Sock,gpt2-finetuned-wikitext2,text-generation,"[""transformers"", ""tf"", ""gpt2"", ""text-generation"", ""generated_from_keras_callback"", ""base_model:openai-community/gpt2"", ""base_model:finetune:openai-community/gpt2"", ""license:mit"", ""autotrain_compatible"", ""endpoints_compatible"", ""region:us""]",4,0,2023-12-22 15:42:29+00:00,2023-12-22 17:06:48+00:00,,https://huggingface.co/No-Sock/gpt2-finetuned-wikitext2,SOC 2,2025-09-03T14:06:15Z,,strong-signal query hit,No-Sock/gpt2-finetuned-wikitext2,,False,reject,empty_readme
No-Sock/bert-base-cased-finetuned-wikitext2,No-Sock,bert-base-cased-finetuned-wikitext2,fill-mask,"[""transformers"", ""tf"", ""tensorboard"", ""bert"", ""fill-mask"", ""generated_from_keras_callback"", ""base_model:google-bert/bert-base-cased"", ""base_model:finetune:google-bert/bert-base-cased"", ""license:apache-2.0"", ""autotrain_compatible"", ""endpoints_compatible"", ""region:us""]",1,0,2023-12-22 18:01:52+00:00,2023-12-22 18:22:29+00:00,,https://huggingface.co/No-Sock/bert-base-cased-finetuned-wikitext2,SOC 2,2025-09-03T14:06:15Z,,strong-signal query hit,No-Sock/bert-base-cased-finetuned-wikitext2,,False,reject,empty_readme
socks22/ppo-lunarlander,socks22,ppo-lunarlander,reinforcement-learning,"[""stable-baselines3"", ""LunarLander-v2"", ""deep-reinforcement-learning"", ""reinforcement-learning"", ""model-index"", ""region:us""]",0,0,2023-12-28 18:50:17+00:00,2023-12-28 18:50:40+00:00,,https://huggingface.co/socks22/ppo-lunarlander,SOC 2,2025-09-03T14:06:15Z,,strong-signal query hit,socks22/ppo-lunarlander,,False,reject,empty_readme
CalypsoCrunchies99/socarealismXL_vae20_vaefix,CalypsoCrunchies99,socarealismXL_vae20_vaefix,text-to-image,"[""diffusers"", ""safetensors"", ""autotrain_compatible"", ""endpoints_compatible"", ""diffusers:StableDiffusionXLPipeline"", ""region:us""]",0,0,2023-12-28 23:40:26+00:00,2023-12-29 06:04:59+00:00,,https://huggingface.co/CalypsoCrunchies99/socarealismXL_vae20_vaefix,SOC 2,2025-09-03T14:06:15Z,,strong-signal query hit,CalypsoCrunchies99/socarealismXL_vae20_vaefix,,False,reject,empty_readme
socks22/q-FrozenLake-v1-4x4-noSlippery,socks22,q-FrozenLake-v1-4x4-noSlippery,reinforcement-learning,"[""FrozenLake-v1-4x4-no_slippery"", ""q-learning"", ""reinforcement-learning"", ""custom-implementation"", ""model-index"", ""region:us""]",0,0,2023-12-30 01:21:02+00:00,2023-12-30 01:21:03+00:00,,https://huggingface.co/socks22/q-FrozenLake-v1-4x4-noSlippery,SOC 2,2025-09-03T14:06:16Z,,strong-signal query hit,socks22/q-FrozenLake-v1-4x4-noSlippery,,False,reject,empty_readme
socks22/q-taxi-v3,socks22,q-taxi-v3,reinforcement-learning,"[""Taxi-v3"", ""q-learning"", ""reinforcement-learning"", ""custom-implementation"", ""model-index"", ""region:us""]",0,0,2023-12-30 01:25:19+00:00,2023-12-30 01:25:21+00:00,,https://huggingface.co/socks22/q-taxi-v3,SOC 2,2025-09-03T14:06:16Z,,strong-signal query hit,socks22/q-taxi-v3,,False,reject,empty_readme
socks22/dqn-SpaceInvadersNF,socks22,dqn-SpaceInvadersNF,reinforcement-learning,"[""stable-baselines3"", ""SpaceInvadersNoFrameskip-v4"", ""deep-reinforcement-learning"", ""reinforcement-learning"", ""model-index"", ""region:us""]",0,0,2023-12-30 23:41:56+00:00,2023-12-30 23:42:31+00:00,,https://huggingface.co/socks22/dqn-SpaceInvadersNF,SOC 2,2025-09-03T14:06:16Z,,strong-signal query hit,socks22/dqn-SpaceInvadersNF,,False,reject,empty_readme
ostapeno/adauniNeo1B_social_i_qa_Generate_the_question_from_the_answer_sormalTrue_sbsmpl2,ostapeno,adauniNeo1B_social_i_qa_Generate_the_question_from_the_answer_sormalTrue_sbsmpl2,,"[""region:us""]",0,0,2023-12-31 16:37:57+00:00,2023-12-31 21:21:12+00:00,,https://huggingface.co/ostapeno/adauniNeo1B_social_i_qa_Generate_the_question_from_the_answer_sormalTrue_sbsmpl2,SOC 2,2025-09-03T14:06:16Z,,strong-signal query hit,ostapeno/adauniNeo1B_social_i_qa_Generate_the_question_from_the_answer_sormalTrue_sbsmpl2,,False,reject,empty_readme
socks22/cartpole-v2-policy-grad,socks22,cartpole-v2-policy-grad,reinforcement-learning,"[""CartPole-v1"", ""reinforce"", ""reinforcement-learning"", ""custom-implementation"", ""deep-rl-class"", ""model-index"", ""region:us""]",0,0,2024-01-02 00:23:20+00:00,2024-01-02 00:23:28+00:00,,https://huggingface.co/socks22/cartpole-v2-policy-grad,SOC 2,2025-09-03T14:06:16Z,,strong-signal query hit,socks22/cartpole-v2-policy-grad,,False,reject,empty_readme
socks22/reinforce-pixelcopter,socks22,reinforce-pixelcopter,reinforcement-learning,"[""Pixelcopter-PLE-v0"", ""reinforce"", ""reinforcement-learning"", ""custom-implementation"", ""deep-rl-class"", ""model-index"", ""region:us""]",0,0,2024-01-02 00:40:14+00:00,2024-01-02 03:14:50+00:00,,https://huggingface.co/socks22/reinforce-pixelcopter,SOC 2,2025-09-03T14:06:17Z,,strong-signal query hit,socks22/reinforce-pixelcopter,,False,reject,empty_readme
ostapeno/adauniNeo1B_social_i_qa_Check_if_a_random_answer_is_valid_or_not_sormalTrue_sbsmpl2,ostapeno,adauniNeo1B_social_i_qa_Check_if_a_random_answer_is_valid_or_not_sormalTrue_sbsmpl2,,"[""region:us""]",0,0,2024-01-02 10:35:29+00:00,2024-01-02 10:35:29+00:00,,https://huggingface.co/ostapeno/adauniNeo1B_social_i_qa_Check_if_a_random_answer_is_valid_or_not_sormalTrue_sbsmpl2,SOC 2,2025-09-03T14:06:17Z,,strong-signal query hit,ostapeno/adauniNeo1B_social_i_qa_Check_if_a_random_answer_is_valid_or_not_sormalTrue_sbsmpl2,,False,reject,empty_readme
socks22/ppo-SnowballTarget,socks22,ppo-SnowballTarget,reinforcement-learning,"[""ml-agents"", ""tensorboard"", ""onnx"", ""SnowballTarget"", ""deep-reinforcement-learning"", ""reinforcement-learning"", ""ML-Agents-SnowballTarget"", ""region:us""]",0,0,2024-01-04 03:24:51+00:00,2024-01-04 03:24:55+00:00,,https://huggingface.co/socks22/ppo-SnowballTarget,SOC 2,2025-09-03T14:06:17Z,,strong-signal query hit,socks22/ppo-SnowballTarget,,False,reject,empty_readme
socks22/ppo-PyramidsTraining,socks22,ppo-PyramidsTraining,reinforcement-learning,"[""ml-agents"", ""tensorboard"", ""onnx"", ""Pyramids"", ""deep-reinforcement-learning"", ""reinforcement-learning"", ""ML-Agents-Pyramids"", ""region:us""]",1,0,2024-01-04 03:35:57+00:00,2024-01-04 03:36:01+00:00,,https://huggingface.co/socks22/ppo-PyramidsTraining,SOC 2,2025-09-03T14:06:17Z,,strong-signal query hit,socks22/ppo-PyramidsTraining,,False,reject,empty_readme
socks22/a2c-PandaReachDense-v3,socks22,a2c-PandaReachDense-v3,reinforcement-learning,"[""stable-baselines3"", ""PandaReachDense-v3"", ""deep-reinforcement-learning"", ""reinforcement-learning"", ""model-index"", ""region:us""]",1,0,2024-01-05 05:17:55+00:00,2024-01-05 20:35:56+00:00,,https://huggingface.co/socks22/a2c-PandaReachDense-v3,SOC 2,2025-09-03T14:06:17Z,,strong-signal query hit,socks22/a2c-PandaReachDense-v3,,False,reject,empty_readme
socks22/poca-SoccerTwos,socks22,poca-SoccerTwos,reinforcement-learning,"[""ml-agents"", ""tensorboard"", ""onnx"", ""SoccerTwos"", ""deep-reinforcement-learning"", ""reinforcement-learning"", ""ML-Agents-SoccerTwos"", ""region:us""]",0,0,2024-01-07 20:27:59+00:00,2024-01-07 20:28:04+00:00,,https://huggingface.co/socks22/poca-SoccerTwos,SOC 2,2025-09-03T14:06:18Z,,strong-signal query hit,socks22/poca-SoccerTwos,,False,reject,empty_readme
socks22/ppo-lunarlandar-my-own,socks22,ppo-lunarlandar-my-own,reinforcement-learning,"[""tensorboard"", ""LunarLander-v2"", ""ppo"", ""deep-reinforcement-learning"", ""reinforcement-learning"", ""custom-implementation"", ""deep-rl-course"", ""model-index"", ""region:us""]",0,0,2024-01-17 04:57:25+00:00,2024-01-17 05:07:32+00:00,,https://huggingface.co/socks22/ppo-lunarlandar-my-own,SOC 2,2025-09-03T14:06:18Z,,strong-signal query hit,socks22/ppo-lunarlandar-my-own,,False,reject,empty_readme
socks22/rl_course_vizdoom_health_gathering_supreme,socks22,rl_course_vizdoom_health_gathering_supreme,reinforcement-learning,"[""sample-factory"", ""tensorboard"", ""deep-reinforcement-learning"", ""reinforcement-learning"", ""model-index"", ""region:us""]",0,0,2024-01-18 03:35:44+00:00,2024-01-18 03:36:00+00:00,,https://huggingface.co/socks22/rl_course_vizdoom_health_gathering_supreme,SOC 2,2025-09-03T14:06:18Z,,strong-signal query hit,socks22/rl_course_vizdoom_health_gathering_supreme,,False,reject,empty_readme
macdog101/poca-SoccerTwos-v2,macdog101,poca-SoccerTwos-v2,,"[""region:us""]",0,0,2024-01-18 10:35:14+00:00,2024-01-18 10:35:14+00:00,,https://huggingface.co/macdog101/poca-SoccerTwos-v2,SOC 2,2025-09-03T14:06:18Z,,strong-signal query hit,macdog101/poca-SoccerTwos-v2,,False,reject,empty_readme
Marcus2112/poca-SoccerTwos,Marcus2112,poca-SoccerTwos,reinforcement-learning,"[""ml-agents"", ""tensorboard"", ""onnx"", ""SoccerTwos"", ""deep-reinforcement-learning"", ""reinforcement-learning"", ""ML-Agents-SoccerTwos"", ""region:us""]",0,0,2024-01-29 03:42:54+00:00,2024-01-29 03:45:42+00:00,,https://huggingface.co/Marcus2112/poca-SoccerTwos,SOC 2,2025-09-03T14:06:18Z,,strong-signal query hit,Marcus2112/poca-SoccerTwos,,False,reject,empty_readme
vpepe2003/poca-SoccerTwos,vpepe2003,poca-SoccerTwos,reinforcement-learning,"[""ml-agents"", ""tensorboard"", ""onnx"", ""SoccerTwos"", ""deep-reinforcement-learning"", ""reinforcement-learning"", ""ML-Agents-SoccerTwos"", ""region:us""]",3,0,2024-02-11 11:29:26+00:00,2024-02-11 11:31:26+00:00,,https://huggingface.co/vpepe2003/poca-SoccerTwos,SOC 2,2025-09-03T14:06:19Z,,strong-signal query hit,vpepe2003/poca-SoccerTwos,,False,reject,empty_readme
next-social/ComfyUI_Seg_VITON2,next-social,ComfyUI_Seg_VITON2,,"[""region:us""]",0,0,2024-02-19 02:06:24+00:00,2024-02-20 05:27:02+00:00,,https://huggingface.co/next-social/ComfyUI_Seg_VITON2,SOC 2,2025-09-03T14:06:19Z,,strong-signal query hit,next-social/ComfyUI_Seg_VITON2,,False,reject,empty_readme
socks22/sd-test-pipe,socks22,sd-test-pipe,text-to-image,"[""diffusers"", ""safetensors"", ""autotrain_compatible"", ""endpoints_compatible"", ""diffusers:StableDiffusionXLPipeline"", ""region:us""]",0,0,2024-02-20 23:41:49+00:00,2024-02-20 23:53:29+00:00,,https://huggingface.co/socks22/sd-test-pipe,SOC 2,2025-09-03T14:06:19Z,,strong-signal query hit,socks22/sd-test-pipe,,False,reject,empty_readme
socks22/sd-aniverse,socks22,sd-aniverse,text-to-image,"[""diffusers"", ""safetensors"", ""autotrain_compatible"", ""endpoints_compatible"", ""diffusers:StableDiffusionPipeline"", ""region:us""]",0,0,2024-02-23 23:37:07+00:00,2024-02-23 23:42:45+00:00,,https://huggingface.co/socks22/sd-aniverse,SOC 2,2025-09-03T14:06:19Z,,strong-signal query hit,socks22/sd-aniverse,,False,reject,empty_readme
alhosseini/Llama-2-7b-hf_soccer_subreddit_2024_02_26_00_06_04_peft,alhosseini,Llama-2-7b-hf_soccer_subreddit_2024_02_26_00_06_04_peft,,"[""peft"", ""safetensors"", ""trl"", ""sft"", ""generated_from_trainer"", ""base_model:meta-llama/Llama-2-7b-hf"", ""base_model:adapter:meta-llama/Llama-2-7b-hf"", ""region:us""]",0,0,2024-02-25 23:06:09+00:00,2024-02-26 02:15:37+00:00,,https://huggingface.co/alhosseini/Llama-2-7b-hf_soccer_subreddit_2024_02_26_00_06_04_peft,SOC 2,2025-09-03T14:06:19Z,,strong-signal query hit,alhosseini/Llama-2-7b-hf_soccer_subreddit_2024_02_26_00_06_04_peft,,False,reject,empty_readme
alhosseini/Llama-2-7b-hf_soccer_subreddit_2024_02_26_00_06_04,alhosseini,Llama-2-7b-hf_soccer_subreddit_2024_02_26_00_06_04,text-generation,"[""transformers"", ""safetensors"", ""llama"", ""text-generation"", ""arxiv:1910.09700"", ""autotrain_compatible"", ""text-generation-inference"", ""endpoints_compatible"", ""region:us""]",4,0,2024-02-26 02:15:55+00:00,2024-02-26 02:19:24+00:00,,https://huggingface.co/alhosseini/Llama-2-7b-hf_soccer_subreddit_2024_02_26_00_06_04,SOC 2,2025-09-03T14:06:20Z,,strong-signal query hit,alhosseini/Llama-2-7b-hf_soccer_subreddit_2024_02_26_00_06_04,,False,reject,empty_readme
TransferGraph/socialmediaie_TRAC2020_IBEN_B_bert-base-multilingual-uncased-finetuned-lora-tweet_eval_irony,TransferGraph,socialmediaie_TRAC2020_IBEN_B_bert-base-multilingual-uncased-finetuned-lora-tweet_eval_irony,text-classification,"[""peft"", ""safetensors"", ""parquet"", ""text-classification"", ""dataset:tweet_eval"", ""base_model:socialmediaie/TRAC2020_IBEN_B_bert-base-multilingual-uncased"", ""base_model:adapter:socialmediaie/TRAC2020_IBEN_B_bert-base-multilingual-uncased"", ""model-index"", ""region:us""]",0,0,2024-02-27 17:29:45+00:00,2024-02-29 13:36:48+00:00,,https://huggingface.co/TransferGraph/socialmediaie_TRAC2020_IBEN_B_bert-base-multilingual-uncased-finetuned-lora-tweet_eval_irony,SOC 2,2025-09-03T14:06:20Z,,strong-signal query hit,TransferGraph/socialmediaie_TRAC2020_IBEN_B_bert-base-multilingual-uncased-finetuned-lora-tweet_eval_irony,,False,reject,empty_readme
socks22/sdxl-pv6,socks22,sdxl-pv6,text-to-image,"[""diffusers"", ""safetensors"", ""arxiv:1910.09700"", ""autotrain_compatible"", ""endpoints_compatible"", ""diffusers:StableDiffusionXLPipeline"", ""region:us""]",0,0,2024-02-27 21:45:06+00:00,2024-02-27 21:57:00+00:00,,https://huggingface.co/socks22/sdxl-pv6,SOC 2,2025-09-03T14:06:20Z,,strong-signal query hit,socks22/sdxl-pv6,,False,reject,empty_readme
TransferGraph/socialmediaie_TRAC2020_IBEN_B_bert-base-multilingual-uncased-finetuned-lora-ag_news,TransferGraph,socialmediaie_TRAC2020_IBEN_B_bert-base-multilingual-uncased-finetuned-lora-ag_news,text-classification,"[""peft"", ""safetensors"", ""parquet"", ""text-classification"", ""dataset:ag_news"", ""base_model:socialmediaie/TRAC2020_IBEN_B_bert-base-multilingual-uncased"", ""base_model:adapter:socialmediaie/TRAC2020_IBEN_B_bert-base-multilingual-uncased"", ""model-index"", ""region:us""]",0,0,2024-02-28 00:45:52+00:00,2024-02-28 00:45:55+00:00,,https://huggingface.co/TransferGraph/socialmediaie_TRAC2020_IBEN_B_bert-base-multilingual-uncased-finetuned-lora-ag_news,SOC 2,2025-09-03T14:06:20Z,,strong-signal query hit,TransferGraph/socialmediaie_TRAC2020_IBEN_B_bert-base-multilingual-uncased-finetuned-lora-ag_news,,False,reject,empty_readme
TransferGraph/socialmediaie_TRAC2020_IBEN_B_bert-base-multilingual-uncased-finetuned-lora-tweet_eval_emotion,TransferGraph,socialmediaie_TRAC2020_IBEN_B_bert-base-multilingual-uncased-finetuned-lora-tweet_eval_emotion,text-classification,"[""peft"", ""safetensors"", ""parquet"", ""text-classification"", ""dataset:tweet_eval"", ""base_model:socialmediaie/TRAC2020_IBEN_B_bert-base-multilingual-uncased"", ""base_model:adapter:socialmediaie/TRAC2020_IBEN_B_bert-base-multilingual-uncased"", ""model-index"", ""region:us""]",0,0,2024-02-29 12:52:18+00:00,2024-02-29 12:52:22+00:00,,https://huggingface.co/TransferGraph/socialmediaie_TRAC2020_IBEN_B_bert-base-multilingual-uncased-finetuned-lora-tweet_eval_emotion,SOC 2,2025-09-03T14:06:20Z,,strong-signal query hit,TransferGraph/socialmediaie_TRAC2020_IBEN_B_bert-base-multilingual-uncased-finetuned-lora-tweet_eval_emotion,,False,reject,empty_readme
TransferGraph/socialmediaie_TRAC2020_IBEN_B_bert-base-multilingual-uncased-finetuned-lora-tweet_eval_hate,TransferGraph,socialmediaie_TRAC2020_IBEN_B_bert-base-multilingual-uncased-finetuned-lora-tweet_eval_hate,text-classification,"[""peft"", ""safetensors"", ""parquet"", ""text-classification"", ""dataset:tweet_eval"", ""base_model:socialmediaie/TRAC2020_IBEN_B_bert-base-multilingual-uncased"", ""base_model:adapter:socialmediaie/TRAC2020_IBEN_B_bert-base-multilingual-uncased"", ""model-index"", ""region:us""]",0,0,2024-02-29 13:50:03+00:00,2024-02-29 13:50:08+00:00,,https://huggingface.co/TransferGraph/socialmediaie_TRAC2020_IBEN_B_bert-base-multilingual-uncased-finetuned-lora-tweet_eval_hate,SOC 2,2025-09-03T14:06:21Z,,strong-signal query hit,TransferGraph/socialmediaie_TRAC2020_IBEN_B_bert-base-multilingual-uncased-finetuned-lora-tweet_eval_hate,,False,reject,empty_readme
DarshanDeshpande/gemma_2b_social_reasoning_reward_model,DarshanDeshpande,gemma_2b_social_reasoning_reward_model,,"[""peft"", ""safetensors"", ""trl"", ""reward-trainer"", ""generated_from_trainer"", ""base_model:google/gemma-2b"", ""base_model:adapter:google/gemma-2b"", ""license:other"", ""region:us""]",2,0,2024-03-07 03:16:11+00:00,2024-03-10 02:19:41+00:00,,https://huggingface.co/DarshanDeshpande/gemma_2b_social_reasoning_reward_model,SOC 2,2025-09-03T14:06:21Z,,strong-signal query hit,DarshanDeshpande/gemma_2b_social_reasoning_reward_model,,False,reject,empty_readme
panos-span/ppo-SoccerTwos2,panos-span,ppo-SoccerTwos2,reinforcement-learning,"[""ml-agents"", ""tensorboard"", ""onnx"", ""SoccerTwos"", ""deep-reinforcement-learning"", ""reinforcement-learning"", ""ML-Agents-SoccerTwos"", ""region:us""]",0,0,2024-03-07 23:49:58+00:00,2024-03-07 23:50:16+00:00,,https://huggingface.co/panos-span/ppo-SoccerTwos2,SOC 2,2025-09-03T14:06:21Z,,strong-signal query hit,panos-span/ppo-SoccerTwos2,,False,reject,empty_readme
fazito25/poca-SoccerTwos,fazito25,poca-SoccerTwos,reinforcement-learning,"[""ml-agents"", ""tensorboard"", ""onnx"", ""SoccerTwos"", ""deep-reinforcement-learning"", ""reinforcement-learning"", ""ML-Agents-SoccerTwos"", ""region:us""]",2,0,2024-03-10 13:33:37+00:00,2024-03-10 13:34:19+00:00,,https://huggingface.co/fazito25/poca-SoccerTwos,SOC 2,2025-09-03T14:06:21Z,,strong-signal query hit,fazito25/poca-SoccerTwos,,False,reject,empty_readme
enrique2701/poca-SoccerTwos,enrique2701,poca-SoccerTwos,reinforcement-learning,"[""ml-agents"", ""tensorboard"", ""onnx"", ""SoccerTwos"", ""deep-reinforcement-learning"", ""reinforcement-learning"", ""ML-Agents-SoccerTwos"", ""region:us""]",0,0,2024-03-10 20:06:04+00:00,2024-03-10 20:06:33+00:00,,https://huggingface.co/enrique2701/poca-SoccerTwos,SOC 2,2025-09-03T14:06:22Z,,strong-signal query hit,enrique2701/poca-SoccerTwos,,False,reject,empty_readme
JosephLee/society_textbook_LLama2_13B,JosephLee,society_textbook_LLama2_13B,,"[""peft"", ""safetensors"", ""ko"", ""dataset:JosephLee/society_textbook_elementary_kor"", ""arxiv:1910.09700"", ""base_model:beomi/llama-2-koen-13b"", ""base_model:adapter:beomi/llama-2-koen-13b"", ""region:us""]",0,1,2024-03-11 03:16:02+00:00,2024-03-11 03:17:39+00:00,,https://huggingface.co/JosephLee/society_textbook_LLama2_13B,SOC 2,2025-09-03T14:06:22Z,,strong-signal query hit,JosephLee/society_textbook_LLama2_13B,,False,reject,empty_readme
pepijn223/poca-SoccerTwos,pepijn223,poca-SoccerTwos,reinforcement-learning,"[""ml-agents"", ""tensorboard"", ""onnx"", ""SoccerTwos"", ""deep-reinforcement-learning"", ""reinforcement-learning"", ""ML-Agents-SoccerTwos"", ""region:us""]",1,0,2024-03-23 09:26:59+00:00,2024-03-23 10:23:07+00:00,,https://huggingface.co/pepijn223/poca-SoccerTwos,SOC 2,2025-09-03T14:06:22Z,,strong-signal query hit,pepijn223/poca-SoccerTwos,,False,reject,empty_readme
AndersGiovanni/social-llama-7b-alpha-v2,AndersGiovanni,social-llama-7b-alpha-v2,text-generation,"[""transformers"", ""safetensors"", ""llama"", ""text-generation"", ""arxiv:1910.09700"", ""autotrain_compatible"", ""text-generation-inference"", ""endpoints_compatible"", ""region:us""]",4,0,2024-03-25 08:23:17+00:00,2024-03-25 09:27:33+00:00,,https://huggingface.co/AndersGiovanni/social-llama-7b-alpha-v2,SOC 2,2025-09-03T14:06:22Z,,strong-signal query hit,AndersGiovanni/social-llama-7b-alpha-v2,,False,reject,empty_readme
ninja21/poca-SoccerTwos,ninja21,poca-SoccerTwos,reinforcement-learning,"[""ml-agents"", ""tensorboard"", ""onnx"", ""SoccerTwos"", ""deep-reinforcement-learning"", ""reinforcement-learning"", ""ML-Agents-SoccerTwos"", ""region:us""]",1,0,2024-03-25 15:06:06+00:00,2024-03-25 15:06:10+00:00,,https://huggingface.co/ninja21/poca-SoccerTwos,SOC 2,2025-09-03T14:06:22Z,,strong-signal query hit,ninja21/poca-SoccerTwos,,False,reject,empty_readme
baek26/wiki_asp-soccer_player_7726_bart-base,baek26,wiki_asp-soccer_player_7726_bart-base,,"[""transformers"", ""safetensors"", ""bart"", ""text2text-generation"", ""generated_from_trainer"", ""base_model:facebook/bart-base"", ""base_model:finetune:facebook/bart-base"", ""license:apache-2.0"", ""endpoints_compatible"", ""region:us""]",4,0,2024-03-26 04:46:50+00:00,2024-03-26 07:01:35+00:00,,https://huggingface.co/baek26/wiki_asp-soccer_player_7726_bart-base,SOC 2,2025-09-03T14:06:23Z,,strong-signal query hit,baek26/wiki_asp-soccer_player_7726_bart-base,,False,reject,empty_readme
baek26/wiki_asp-soccer_player_2706_bart-base,baek26,wiki_asp-soccer_player_2706_bart-base,,"[""transformers"", ""safetensors"", ""bart"", ""text2text-generation"", ""generated_from_trainer"", ""base_model:facebook/bart-base"", ""base_model:finetune:facebook/bart-base"", ""license:apache-2.0"", ""endpoints_compatible"", ""region:us""]",4,0,2024-03-26 07:44:39+00:00,2024-03-26 09:59:01+00:00,,https://huggingface.co/baek26/wiki_asp-soccer_player_2706_bart-base,SOC 2,2025-09-03T14:06:23Z,,strong-signal query hit,baek26/wiki_asp-soccer_player_2706_bart-base,,False,reject,empty_readme
geoartop/ppo-SoccerTwos2,geoartop,ppo-SoccerTwos2,,"[""region:us""]",0,0,2024-03-26 23:25:49+00:00,2024-03-26 23:25:50+00:00,,https://huggingface.co/geoartop/ppo-SoccerTwos2,SOC 2,2025-09-03T14:06:23Z,,strong-signal query hit,geoartop/ppo-SoccerTwos2,,False,reject,empty_readme
baek26/wiki_asp-soccer_player_9240_bart-base,baek26,wiki_asp-soccer_player_9240_bart-base,,"[""transformers"", ""safetensors"", ""bart"", ""text2text-generation"", ""generated_from_trainer"", ""base_model:facebook/bart-base"", ""base_model:finetune:facebook/bart-base"", ""license:apache-2.0"", ""endpoints_compatible"", ""region:us""]",4,0,2024-04-01 04:24:17+00:00,2024-04-01 06:43:32+00:00,,https://huggingface.co/baek26/wiki_asp-soccer_player_9240_bart-base,SOC 2,2025-09-03T14:06:23Z,,strong-signal query hit,baek26/wiki_asp-soccer_player_9240_bart-base,,False,reject,empty_readme
howdyaendra/xblock-social-screenshots-2,howdyaendra,xblock-social-screenshots-2,image-classification,"[""transformers"", ""onnx"", ""safetensors"", ""vit"", ""image-classification"", ""autotrain"", ""dataset:xblock-social-screenshots-2/autotrain-data"", ""autotrain_compatible"", ""endpoints_compatible"", ""region:us""]",3,0,2024-04-01 15:41:33+00:00,2024-04-01 16:43:38+00:00,,https://huggingface.co/howdyaendra/xblock-social-screenshots-2,SOC 2,2025-09-03T14:06:23Z,,strong-signal query hit,howdyaendra/xblock-social-screenshots-2,,False,reject,empty_readme
DiegoT200/SoccerTwos,DiegoT200,SoccerTwos,reinforcement-learning,"[""ml-agents"", ""tensorboard"", ""onnx"", ""SoccerTwos"", ""deep-reinforcement-learning"", ""reinforcement-learning"", ""ML-Agents-SoccerTwos"", ""region:us""]",0,0,2024-04-01 17:13:57+00:00,2024-04-01 17:17:50+00:00,,https://huggingface.co/DiegoT200/SoccerTwos,SOC 2,2025-09-03T14:06:24Z,,strong-signal query hit,DiegoT200/SoccerTwos,,False,reject,empty_readme
baek26/wiki_asp-soccer_player_8248_bart-base,baek26,wiki_asp-soccer_player_8248_bart-base,,"[""transformers"", ""safetensors"", ""bart"", ""text2text-generation"", ""generated_from_trainer"", ""base_model:facebook/bart-base"", ""base_model:finetune:facebook/bart-base"", ""license:apache-2.0"", ""endpoints_compatible"", ""region:us""]",4,0,2024-04-03 12:39:26+00:00,2024-04-03 14:03:51+00:00,,https://huggingface.co/baek26/wiki_asp-soccer_player_8248_bart-base,SOC 2,2025-09-03T14:06:24Z,,strong-signal query hit,baek26/wiki_asp-soccer_player_8248_bart-base,,False,reject,empty_readme
baek26/wiki_asp-soccer_player_8353_bart-base,baek26,wiki_asp-soccer_player_8353_bart-base,,"[""transformers"", ""safetensors"", ""bart"", ""text2text-generation"", ""generated_from_trainer"", ""base_model:facebook/bart-base"", ""base_model:finetune:facebook/bart-base"", ""license:apache-2.0"", ""endpoints_compatible"", ""region:us""]",4,0,2024-04-03 14:50:21+00:00,2024-04-03 16:22:51+00:00,,https://huggingface.co/baek26/wiki_asp-soccer_player_8353_bart-base,SOC 2,2025-09-03T14:06:24Z,,strong-signal query hit,baek26/wiki_asp-soccer_player_8353_bart-base,,False,reject,empty_readme
baek26/wiki_asp-soccer_player_2619_bart-base,baek26,wiki_asp-soccer_player_2619_bart-base,,"[""transformers"", ""safetensors"", ""bart"", ""text2text-generation"", ""generated_from_trainer"", ""base_model:facebook/bart-base"", ""base_model:finetune:facebook/bart-base"", ""license:apache-2.0"", ""endpoints_compatible"", ""region:us""]",4,0,2024-04-03 17:24:51+00:00,2024-04-03 18:49:13+00:00,,https://huggingface.co/baek26/wiki_asp-soccer_player_2619_bart-base,SOC 2,2025-09-03T14:06:24Z,,strong-signal query hit,baek26/wiki_asp-soccer_player_2619_bart-base,,False,reject,empty_readme
baek26/wiki_asp-soccer_player_2425_bart-base,baek26,wiki_asp-soccer_player_2425_bart-base,,"[""transformers"", ""safetensors"", ""bart"", ""text2text-generation"", ""generated_from_trainer"", ""base_model:facebook/bart-base"", ""base_model:finetune:facebook/bart-base"", ""license:apache-2.0"", ""endpoints_compatible"", ""region:us""]",4,0,2024-04-04 04:48:07+00:00,2024-04-04 05:33:00+00:00,,https://huggingface.co/baek26/wiki_asp-soccer_player_2425_bart-base,SOC 2,2025-09-03T14:06:24Z,,strong-signal query hit,baek26/wiki_asp-soccer_player_2425_bart-base,,False,reject,empty_readme
baek26/wiki_asp-soccer_player_8386_bart-base,baek26,wiki_asp-soccer_player_8386_bart-base,,"[""transformers"", ""safetensors"", ""bart"", ""text2text-generation"", ""generated_from_trainer"", ""base_model:facebook/bart-base"", ""base_model:finetune:facebook/bart-base"", ""license:apache-2.0"", ""endpoints_compatible"", ""region:us""]",5,0,2024-04-04 04:48:18+00:00,2024-04-04 06:32:24+00:00,,https://huggingface.co/baek26/wiki_asp-soccer_player_8386_bart-base,SOC 2,2025-09-03T14:06:25Z,,strong-signal query hit,baek26/wiki_asp-soccer_player_8386_bart-base,,False,reject,empty_readme
baek26/wiki_asp-soccer_player_9782_bart-base,baek26,wiki_asp-soccer_player_9782_bart-base,reinforcement-learning,"[""transformers"", ""safetensors"", ""trl"", ""ppo"", ""reinforcement-learning"", ""license:apache-2.0"", ""endpoints_compatible"", ""region:us""]",2,0,2024-04-04 07:21:27+00:00,2024-04-04 09:03:13+00:00,,https://huggingface.co/baek26/wiki_asp-soccer_player_9782_bart-base,SOC 2,2025-09-03T14:06:25Z,,strong-signal query hit,baek26/wiki_asp-soccer_player_9782_bart-base,,False,reject,empty_readme
soccerking/m2,soccerking,m2,text-generation,"[""transformers"", ""safetensors"", ""stablelm"", ""text-generation"", ""conversational"", ""arxiv:1910.09700"", ""autotrain_compatible"", ""endpoints_compatible"", ""region:us""]",3,0,2024-04-05 09:42:15+00:00,2024-04-07 01:24:30+00:00,,https://huggingface.co/soccerking/m2,SOC 2,2025-09-03T14:06:25Z,,strong-signal query hit,soccerking/m2,,False,reject,empty_readme
ADG-2353/poca-SoccerTwos,ADG-2353,poca-SoccerTwos,reinforcement-learning,"[""ml-agents"", ""tensorboard"", ""onnx"", ""SoccerTwos"", ""deep-reinforcement-learning"", ""reinforcement-learning"", ""ML-Agents-SoccerTwos"", ""region:us""]",0,0,2024-04-07 08:50:24+00:00,2024-04-07 08:51:53+00:00,,https://huggingface.co/ADG-2353/poca-SoccerTwos,SOC 2,2025-09-03T14:06:25Z,,strong-signal query hit,ADG-2353/poca-SoccerTwos,,False,reject,empty_readme
soccerking/sn6_246,soccerking,sn6_246,text-generation,"[""transformers"", ""safetensors"", ""stablelm"", ""text-generation"", ""conversational"", ""arxiv:1910.09700"", ""autotrain_compatible"", ""endpoints_compatible"", ""region:us""]",3,0,2024-04-10 12:42:44+00:00,2024-04-11 04:49:59+00:00,,https://huggingface.co/soccerking/sn6_246,SOC 2,2025-09-03T14:06:25Z,,strong-signal query hit,soccerking/sn6_246,,False,reject,empty_readme
soccerking/sn6_222,soccerking,sn6_222,text-generation,"[""transformers"", ""safetensors"", ""stablelm"", ""text-generation"", ""conversational"", ""arxiv:1910.09700"", ""autotrain_compatible"", ""endpoints_compatible"", ""region:us""]",3,0,2024-04-10 19:46:22+00:00,2024-04-11 12:53:37+00:00,,https://huggingface.co/soccerking/sn6_222,SOC 2,2025-09-03T14:06:26Z,,strong-signal query hit,soccerking/sn6_222,,False,reject,empty_readme
yy1636/poca-SoccerTwos-24-test0,yy1636,poca-SoccerTwos-24-test0,reinforcement-learning,"[""ml-agents"", ""tensorboard"", ""onnx"", ""SoccerTwos"", ""deep-reinforcement-learning"", ""reinforcement-learning"", ""ML-Agents-SoccerTwos"", ""region:us""]",1,0,2024-04-24 09:26:12+00:00,2024-04-24 09:26:17+00:00,,https://huggingface.co/yy1636/poca-SoccerTwos-24-test0,SOC 2,2025-09-03T14:06:26Z,,strong-signal query hit,yy1636/poca-SoccerTwos-24-test0,,False,reject,empty_readme
rwr20/poca-SoccerTwos,rwr20,poca-SoccerTwos,reinforcement-learning,"[""ml-agents"", ""tensorboard"", ""onnx"", ""SoccerTwos"", ""deep-reinforcement-learning"", ""reinforcement-learning"", ""ML-Agents-SoccerTwos"", ""region:us""]",0,0,2024-05-07 05:32:13+00:00,2024-05-07 05:32:36+00:00,,https://huggingface.co/rwr20/poca-SoccerTwos,SOC 2,2025-09-03T14:06:26Z,,strong-signal query hit,rwr20/poca-SoccerTwos,,False,reject,empty_readme
rwr20/poca-SoccerTwos_win10m,rwr20,poca-SoccerTwos_win10m,reinforcement-learning,"[""ml-agents"", ""tensorboard"", ""onnx"", ""SoccerTwos"", ""deep-reinforcement-learning"", ""reinforcement-learning"", ""ML-Agents-SoccerTwos"", ""region:us""]",0,0,2024-05-07 18:48:07+00:00,2024-05-07 18:48:37+00:00,,https://huggingface.co/rwr20/poca-SoccerTwos_win10m,SOC 2,2025-09-03T14:06:26Z,,strong-signal query hit,rwr20/poca-SoccerTwos_win10m,,False,reject,empty_readme
wotan2023/soccer_analysis,wotan2023,soccer_analysis,,"[""region:us""]",0,0,2024-05-28 21:02:50+00:00,2024-05-28 21:02:50+00:00,,https://huggingface.co/wotan2023/soccer_analysis,SOC 2,2025-09-03T14:06:26Z,,strong-signal query hit,wotan2023/soccer_analysis,,False,reject,empty_readme
yogie27/IndoRoBERTa-Base-Emotion-Indonesian-Social-Media,yogie27,IndoRoBERTa-Base-Emotion-Indonesian-Social-Media,text-classification,"[""transformers"", ""safetensors"", ""roberta"", ""text-classification"", ""doi:10.57967/hf/4417"", ""autotrain_compatible"", ""endpoints_compatible"", ""region:us""]",39,1,2024-05-29 15:54:36+00:00,2025-02-08 04:16:37+00:00,,https://huggingface.co/yogie27/IndoRoBERTa-Base-Emotion-Indonesian-Social-Media,SOC 2,2025-09-03T14:06:27Z,,strong-signal query hit,yogie27/IndoRoBERTa-Base-Emotion-Indonesian-Social-Media,,False,reject,empty_readme
yogie27/IndoRoBERTa-Base-Sentiment-Indonesian-Social-Media,yogie27,IndoRoBERTa-Base-Sentiment-Indonesian-Social-Media,text-classification,"[""transformers"", ""safetensors"", ""roberta"", ""text-classification"", ""doi:10.57967/hf/4418"", ""autotrain_compatible"", ""endpoints_compatible"", ""region:us""]",16,1,2024-05-29 16:35:13+00:00,2025-02-08 04:15:19+00:00,,https://huggingface.co/yogie27/IndoRoBERTa-Base-Sentiment-Indonesian-Social-Media,SOC 2,2025-09-03T14:06:27Z,,strong-signal query hit,yogie27/IndoRoBERTa-Base-Sentiment-Indonesian-Social-Media,,False,reject,empty_readme
appoose/aana-soccer-no-pretraining-weight-balanced-2_2.0_720-combined-finetuned,appoose,aana-soccer-no-pretraining-weight-balanced-2_2.0_720-combined-finetuned,,"[""safetensors"", ""generated_from_trainer"", ""base_model:HuggingFaceM4/idefics2-8b"", ""base_model:finetune:HuggingFaceM4/idefics2-8b"", ""license:apache-2.0"", ""region:us""]",0,0,2024-05-30 14:08:00+00:00,2024-05-30 14:08:10+00:00,,https://huggingface.co/appoose/aana-soccer-no-pretraining-weight-balanced-2_2.0_720-combined-finetuned,SOC 2,2025-09-03T14:06:27Z,,strong-signal query hit,appoose/aana-soccer-no-pretraining-weight-balanced-2_2.0_720-combined-finetuned,,False,reject,empty_readme
JosephLee/society_textbook_gemma_2B,JosephLee,society_textbook_gemma_2B,,"[""peft"", ""safetensors"", ""arxiv:1910.09700"", ""base_model:google/gemma-1.1-2b-it"", ""base_model:adapter:google/gemma-1.1-2b-it"", ""region:us""]",1,0,2024-05-31 07:36:05+00:00,2024-05-31 07:36:49+00:00,,https://huggingface.co/JosephLee/society_textbook_gemma_2B,SOC 2,2025-09-03T14:06:27Z,,strong-signal query hit,JosephLee/society_textbook_gemma_2B,,False,reject,empty_readme
RazPines/poca-SoccerTwos-v2,RazPines,poca-SoccerTwos-v2,reinforcement-learning,"[""ml-agents"", ""tensorboard"", ""onnx"", ""SoccerTwos"", ""deep-reinforcement-learning"", ""reinforcement-learning"", ""ML-Agents-SoccerTwos"", ""region:us""]",4,0,2024-06-02 16:30:40+00:00,2024-06-02 21:17:57+00:00,,https://huggingface.co/RazPines/poca-SoccerTwos-v2,SOC 2,2025-09-03T14:06:27Z,,strong-signal query hit,RazPines/poca-SoccerTwos-v2,,False,reject,empty_readme
H3lt3r-Sk3lt3r/poca-SoccerTwosV2,H3lt3r-Sk3lt3r,poca-SoccerTwosV2,reinforcement-learning,"[""ml-agents"", ""tensorboard"", ""onnx"", ""SoccerTwos"", ""deep-reinforcement-learning"", ""reinforcement-learning"", ""ML-Agents-SoccerTwos"", ""region:us""]",0,0,2024-06-06 22:47:07+00:00,2024-06-06 22:48:13+00:00,,https://huggingface.co/H3lt3r-Sk3lt3r/poca-SoccerTwosV2,SOC 2,2025-09-03T14:06:28Z,,strong-signal query hit,H3lt3r-Sk3lt3r/poca-SoccerTwosV2,,False,reject,empty_readme
surya-narayanan/sociology-gpt2,surya-narayanan,sociology-gpt2,text-generation,"[""transformers"", ""safetensors"", ""gpt2"", ""text-generation"", ""arxiv:1910.09700"", ""autotrain_compatible"", ""text-generation-inference"", ""endpoints_compatible"", ""region:us""]",4,0,2024-06-18 23:19:25+00:00,2024-06-20 00:43:24+00:00,,https://huggingface.co/surya-narayanan/sociology-gpt2,SOC 2,2025-09-03T14:06:28Z,,strong-signal query hit,surya-narayanan/sociology-gpt2,,False,reject,empty_readme
vxst2/multi-SoccerTwos,vxst2,multi-SoccerTwos,reinforcement-learning,"[""ml-agents"", ""tensorboard"", ""onnx"", ""SoccerTwos"", ""deep-reinforcement-learning"", ""reinforcement-learning"", ""ML-Agents-SoccerTwos"", ""region:us""]",2,0,2024-06-19 19:39:38+00:00,2024-06-19 19:39:42+00:00,,https://huggingface.co/vxst2/multi-SoccerTwos,SOC 2,2025-09-03T14:06:28Z,,strong-signal query hit,vxst2/multi-SoccerTwos,,False,reject,empty_readme
not-lain/soc2,not-lain,soc2,,"[""transformers"", ""gguf"", ""mistral"", ""text-generation-inference"", ""unsloth"", ""en"", ""base_model:unsloth/mistral-7b-v0.3-bnb-4bit"", ""base_model:quantized:unsloth/mistral-7b-v0.3-bnb-4bit"", ""license:apache-2.0"", ""endpoints_compatible"", ""region:us""]",5,0,2024-06-20 00:50:10+00:00,2024-06-20 01:01:00+00:00,,https://huggingface.co/not-lain/soc2,SOC 2,2025-09-03T14:06:28Z,,strong-signal query hit,not-lain/soc2,SOC 2,False,reject,empty_readme
socratic-datum/ppo-LunarLander-v2,socratic-datum,ppo-LunarLander-v2,reinforcement-learning,"[""stable-baselines3"", ""LunarLander-v2"", ""deep-reinforcement-learning"", ""reinforcement-learning"", ""model-index"", ""region:us""]",0,0,2024-06-21 14:06:53+00:00,2024-06-21 14:07:13+00:00,,https://huggingface.co/socratic-datum/ppo-LunarLander-v2,SOC 2,2025-09-03T14:06:28Z,,strong-signal query hit,socratic-datum/ppo-LunarLander-v2,,False,reject,empty_readme
gg232/poca-SoccerTwos,gg232,poca-SoccerTwos,reinforcement-learning,"[""ml-agents"", ""tensorboard"", ""onnx"", ""SoccerTwos"", ""deep-reinforcement-learning"", ""reinforcement-learning"", ""ML-Agents-SoccerTwos"", ""region:us""]",0,0,2024-06-24 09:25:23+00:00,2024-06-24 09:25:40+00:00,,https://huggingface.co/gg232/poca-SoccerTwos,SOC 2,2025-09-03T14:06:29Z,,strong-signal query hit,gg232/poca-SoccerTwos,,False,reject,empty_readme
majid2001/poca-SoccerTwos,majid2001,poca-SoccerTwos,reinforcement-learning,"[""ml-agents"", ""tensorboard"", ""onnx"", ""SoccerTwos"", ""deep-reinforcement-learning"", ""reinforcement-learning"", ""ML-Agents-SoccerTwos"", ""region:us""]",0,0,2024-07-15 19:55:53+00:00,2024-07-15 19:56:35+00:00,,https://huggingface.co/majid2001/poca-SoccerTwos,SOC 2,2025-09-03T14:06:29Z,,strong-signal query hit,majid2001/poca-SoccerTwos,,False,reject,empty_readme
BattleTag/SoC-llama-2-7b-m-chat-2408,BattleTag,SoC-llama-2-7b-m-chat-2408,,"[""safetensors"", ""llama"", ""region:us""]",4,0,2024-08-02 03:28:09+00:00,2024-08-02 03:34:57+00:00,,https://huggingface.co/BattleTag/SoC-llama-2-7b-m-chat-2408,SOC 2,2025-09-03T14:06:29Z,,strong-signal query hit,BattleTag/SoC-llama-2-7b-m-chat-2408,,False,reject,empty_readme
BattleTag/SoC-mistral-7b-instruct-v0.3-2408,BattleTag,SoC-mistral-7b-instruct-v0.3-2408,,"[""peft"", ""tensorboard"", ""safetensors"", ""mistral"", ""trl"", ""sft"", ""generated_from_trainer"", ""base_model:mistralai/Mistral-7B-Instruct-v0.3"", ""base_model:adapter:mistralai/Mistral-7B-Instruct-v0.3"", ""license:apache-2.0"", ""4-bit"", ""bitsandbytes"", ""region:us""]",5,0,2024-08-02 10:16:22+00:00,2024-08-02 10:19:33+00:00,,https://huggingface.co/BattleTag/SoC-mistral-7b-instruct-v0.3-2408,SOC 2,2025-09-03T14:06:29Z,,strong-signal query hit,BattleTag/SoC-mistral-7b-instruct-v0.3-2408,,False,reject,empty_readme
BattleTag/SoC-mistral-7b-instruct-v0.3-2408-m,BattleTag,SoC-mistral-7b-instruct-v0.3-2408-m,text-generation,"[""safetensors"", ""mistral"", ""text-generation"", ""conversational"", ""dataset:BattleTag/GeneratedBy_GPT4o"", ""arxiv:1910.09700"", ""license:apache-2.0"", ""region:us""]",6,0,2024-08-02 10:57:39+00:00,2024-08-03 03:10:23+00:00,,https://huggingface.co/BattleTag/SoC-mistral-7b-instruct-v0.3-2408-m,SOC 2,2025-09-03T14:06:30Z,,strong-signal query hit,BattleTag/SoC-mistral-7b-instruct-v0.3-2408-m,,False,reject,empty_readme
aimonbc24/Secret-Sleepover-Society-ASR,aimonbc24,Secret-Sleepover-Society-ASR,,"[""region:us""]",0,0,2024-08-14 02:23:06+00:00,2024-08-14 02:23:06+00:00,,https://huggingface.co/aimonbc24/Secret-Sleepover-Society-ASR,SOC 2,2025-09-03T14:06:30Z,,strong-signal query hit,aimonbc24/Secret-Sleepover-Society-ASR,,True,reject,empty_readme
jimjiang203/poca-SoccerTwos,jimjiang203,poca-SoccerTwos,reinforcement-learning,"[""ml-agents"", ""tensorboard"", ""onnx"", ""SoccerTwos"", ""deep-reinforcement-learning"", ""reinforcement-learning"", ""ML-Agents-SoccerTwos"", ""region:us""]",0,0,2024-08-15 12:33:56+00:00,2024-08-15 12:34:40+00:00,,https://huggingface.co/jimjiang203/poca-SoccerTwos,SOC 2,2025-09-03T14:06:30Z,,strong-signal query hit,jimjiang203/poca-SoccerTwos,,False,reject,empty_readme
mashaal24/poca-SoccerTwos,mashaal24,poca-SoccerTwos,reinforcement-learning,"[""ml-agents"", ""tensorboard"", ""onnx"", ""SoccerTwos"", ""deep-reinforcement-learning"", ""reinforcement-learning"", ""ML-Agents-SoccerTwos"", ""region:us""]",0,0,2024-08-16 11:55:56+00:00,2024-08-16 11:56:08+00:00,,https://huggingface.co/mashaal24/poca-SoccerTwos,SOC 2,2025-09-03T14:06:30Z,,strong-signal query hit,mashaal24/poca-SoccerTwos,,False,reject,empty_readme
jroblesgomez/poca-SoccerTwos-2,jroblesgomez,poca-SoccerTwos-2,reinforcement-learning,"[""ml-agents"", ""tensorboard"", ""onnx"", ""SoccerTwos"", ""deep-reinforcement-learning"", ""reinforcement-learning"", ""ML-Agents-SoccerTwos"", ""region:us""]",19,0,2024-08-16 18:03:52+00:00,2024-08-16 18:05:15+00:00,,https://huggingface.co/jroblesgomez/poca-SoccerTwos-2,SOC 2,2025-09-03T14:06:30Z,,strong-signal query hit,jroblesgomez/poca-SoccerTwos-2,,False,reject,empty_readme
justsomerandomdude264/SocialScience_Homework_Solver_Llama318B,justsomerandomdude264,SocialScience_Homework_Solver_Llama318B,text-generation,"[""transformers"", ""safetensors"", ""llama"", ""text-generation"", ""text-generation-inference"", ""unsloth"", ""trl"", ""conversational"", ""en"", ""dataset:ambrosfitz/10k_history_data_v4"", ""dataset:adamo1139/basic_economics_questions_ts_test_1"", ""dataset:adamo1139/basic_economics_questions_ts_test_2"", ""dataset:adamo1139/basic_economics_questions_ts_test_3"", ""dataset:adamo1139/basic_economics_questions_ts_test_4"", ""license:mit"", ""autotrain_compatible"", ""endpoints_compatible"", ""4-bit"", ""bitsandbytes"", ""region:us""]",3,1,2024-08-18 12:42:53+00:00,2024-08-28 10:00:37+00:00,,https://huggingface.co/justsomerandomdude264/SocialScience_Homework_Solver_Llama318B,SOC 2,2025-09-03T14:06:31Z,,strong-signal query hit,justsomerandomdude264/SocialScience_Homework_Solver_Llama318B,,False,reject,empty_readme
abigail8n21/poca-SoccerTwos,abigail8n21,poca-SoccerTwos,reinforcement-learning,"[""ml-agents"", ""tensorboard"", ""onnx"", ""SoccerTwos"", ""deep-reinforcement-learning"", ""reinforcement-learning"", ""ML-Agents-SoccerTwos"", ""region:us""]",0,0,2024-08-23 20:40:40+00:00,2024-08-23 20:40:48+00:00,,https://huggingface.co/abigail8n21/poca-SoccerTwos,SOC 2,2025-09-03T14:06:31Z,,strong-signal query hit,abigail8n21/poca-SoccerTwos,,False,reject,empty_readme
jarski/poca-SoccerTwos-v2,jarski,poca-SoccerTwos-v2,reinforcement-learning,"[""ml-agents"", ""tensorboard"", ""onnx"", ""SoccerTwos"", ""deep-reinforcement-learning"", ""reinforcement-learning"", ""ML-Agents-SoccerTwos"", ""region:us""]",5,0,2024-08-26 10:21:07+00:00,2024-08-26 10:21:16+00:00,,https://huggingface.co/jarski/poca-SoccerTwos-v2,SOC 2,2025-09-03T14:06:31Z,,strong-signal query hit,jarski/poca-SoccerTwos-v2,,False,reject,empty_readme
webis/acl2024-social-bias-classification,webis,acl2024-social-bias-classification,,"[""en"", ""base_model:microsoft/deberta-v3-large"", ""base_model:finetune:microsoft/deberta-v3-large"", ""region:us""]",0,0,2024-09-04 11:38:37+00:00,2024-09-10 11:59:07+00:00,,https://huggingface.co/webis/acl2024-social-bias-classification,SOC 2,2025-09-03T14:06:31Z,,strong-signal query hit,webis/acl2024-social-bias-classification,,False,reject,empty_readme
socks22/sdxl-hv52,socks22,sdxl-hv52,text-to-image,"[""diffusers"", ""safetensors"", ""arxiv:1910.09700"", ""autotrain_compatible"", ""endpoints_compatible"", ""diffusers:StableDiffusionXLPipeline"", ""region:us""]",0,0,2024-09-27 22:45:58+00:00,2024-09-27 22:50:46+00:00,,https://huggingface.co/socks22/sdxl-hv52,SOC 2,2025-09-03T14:06:31Z,,strong-signal query hit,socks22/sdxl-hv52,,False,reject,empty_readme
Juu24/poca-SoccerTwos,Juu24,poca-SoccerTwos,reinforcement-learning,"[""ml-agents"", ""tensorboard"", ""onnx"", ""SoccerTwos"", ""deep-reinforcement-learning"", ""reinforcement-learning"", ""ML-Agents-SoccerTwos"", ""region:us""]",7,0,2024-10-10 12:45:16+00:00,2024-10-10 12:46:25+00:00,,https://huggingface.co/Juu24/poca-SoccerTwos,SOC 2,2025-09-03T14:06:32Z,,strong-signal query hit,Juu24/poca-SoccerTwos,,False,reject,empty_readme
social-rise/wd-swinv2-tagger-v3,social-rise,wd-swinv2-tagger-v3,,"[""endpoints_compatible"", ""region:us""]",0,0,2024-10-11 10:20:27+00:00,2024-10-12 05:19:51+00:00,,https://huggingface.co/social-rise/wd-swinv2-tagger-v3,SOC 2,2025-09-03T14:06:32Z,,strong-signal query hit,social-rise/wd-swinv2-tagger-v3,,False,reject,empty_readme
seangogo/poca-SoccerTwos-v2,seangogo,poca-SoccerTwos-v2,reinforcement-learning,"[""ml-agents"", ""tensorboard"", ""onnx"", ""SoccerTwos"", ""deep-reinforcement-learning"", ""reinforcement-learning"", ""ML-Agents-SoccerTwos"", ""region:us""]",6,0,2024-10-16 06:25:53+00:00,2024-10-16 06:27:00+00:00,,https://huggingface.co/seangogo/poca-SoccerTwos-v2,SOC 2,2025-09-03T14:06:32Z,,strong-signal query hit,seangogo/poca-SoccerTwos-v2,,False,reject,empty_readme
RandomName213/poca-SoccerTwos,RandomName213,poca-SoccerTwos,,"[""region:us""]",0,0,2024-11-01 17:29:23+00:00,2024-11-01 17:29:23+00:00,,https://huggingface.co/RandomName213/poca-SoccerTwos,SOC 2,2025-09-03T14:06:32Z,,strong-signal query hit,RandomName213/poca-SoccerTwos,,False,reject,empty_readme
RandomName213/poca-SoccerTwos2,RandomName213,poca-SoccerTwos2,,"[""region:us""]",0,0,2024-11-01 23:12:56+00:00,2024-11-01 23:12:56+00:00,,https://huggingface.co/RandomName213/poca-SoccerTwos2,SOC 2,2025-09-03T14:06:32Z,,strong-signal query hit,RandomName213/poca-SoccerTwos2,,False,reject,empty_readme
robert-admin1707/falcon7b-Social-Eng-qa-v2,robert-admin1707,falcon7b-Social-Eng-qa-v2,text-generation,"[""transformers"", ""safetensors"", ""falcon"", ""text-generation"", ""conversational"", ""custom_code"", ""arxiv:1910.09700"", ""autotrain_compatible"", ""text-generation-inference"", ""endpoints_compatible"", ""region:us""]",3,0,2024-11-18 12:12:20+00:00,2024-11-18 12:17:33+00:00,,https://huggingface.co/robert-admin1707/falcon7b-Social-Eng-qa-v2,SOC 2,2025-09-03T14:06:33Z,,strong-signal query hit,robert-admin1707/falcon7b-Social-Eng-qa-v2,,False,reject,empty_readme
PrunaAI/robert-admin1707-mistralai-social-eng-qa-2-bnb-8bit-smashed,PrunaAI,robert-admin1707-mistralai-social-eng-qa-2-bnb-8bit-smashed,,"[""safetensors"", ""mistral"", ""pruna-ai"", ""base_model:robert-admin1707/mistralai-social-eng-qa-2"", ""base_model:quantized:robert-admin1707/mistralai-social-eng-qa-2"", ""8-bit"", ""bitsandbytes"", ""region:us""]",3,0,2024-11-19 01:30:35+00:00,2024-11-19 01:37:50+00:00,,https://huggingface.co/PrunaAI/robert-admin1707-mistralai-social-eng-qa-2-bnb-8bit-smashed,SOC 2,2025-09-03T14:06:33Z,,strong-signal query hit,PrunaAI/robert-admin1707-mistralai-social-eng-qa-2-bnb-8bit-smashed,,False,reject,empty_readme
mradermacher/mistralai-social-eng-qa-2-GGUF,mradermacher,mistralai-social-eng-qa-2-GGUF,,"[""transformers"", ""gguf"", ""en"", ""base_model:robert-admin1707/mistralai-social-eng-qa-2"", ""base_model:quantized:robert-admin1707/mistralai-social-eng-qa-2"", ""endpoints_compatible"", ""region:us""]",12,0,2024-11-19 04:33:45+00:00,2024-11-19 04:48:10+00:00,,https://huggingface.co/mradermacher/mistralai-social-eng-qa-2-GGUF,SOC 2,2025-09-03T14:06:33Z,,strong-signal query hit,mradermacher/mistralai-social-eng-qa-2,,False,reject,empty_readme
TPK-MAKG/poca-v2-SoccerTwos,TPK-MAKG,poca-v2-SoccerTwos,reinforcement-learning,"[""ml-agents"", ""tensorboard"", ""onnx"", ""SoccerTwos"", ""deep-reinforcement-learning"", ""reinforcement-learning"", ""ML-Agents-SoccerTwos"", ""region:us""]",0,0,2024-11-19 10:01:28+00:00,2024-11-19 10:02:14+00:00,,https://huggingface.co/TPK-MAKG/poca-v2-SoccerTwos,SOC 2,2025-09-03T14:06:33Z,,strong-signal query hit,TPK-MAKG/poca-v2-SoccerTwos,,False,reject,empty_readme
ai-and-society/llama-2-7b-chat-hf-wanda-structured-2-4,ai-and-society,llama-2-7b-chat-hf-wanda-structured-2-4,text-generation,"[""transformers"", ""safetensors"", ""llama"", ""text-generation"", ""conversational"", ""arxiv:1910.09700"", ""autotrain_compatible"", ""text-generation-inference"", ""endpoints_compatible"", ""region:us""]",5,0,2024-11-19 17:30:35+00:00,2024-12-03 10:08:11+00:00,,https://huggingface.co/ai-and-society/llama-2-7b-chat-hf-wanda-structured-2-4,SOC 2,2025-09-03T14:06:33Z,,strong-signal query hit,ai-and-society/llama-2-7b-chat-hf-wanda-structured-2-4,,False,reject,empty_readme
ai-and-society/llama-2-7b-chat-hf-wanda-unstruct-50,ai-and-society,llama-2-7b-chat-hf-wanda-unstruct-50,text-generation,"[""transformers"", ""safetensors"", ""llama"", ""text-generation"", ""conversational"", ""arxiv:1910.09700"", ""autotrain_compatible"", ""text-generation-inference"", ""endpoints_compatible"", ""region:us""]",4,0,2024-11-20 08:03:46+00:00,2024-12-03 10:08:50+00:00,,https://huggingface.co/ai-and-society/llama-2-7b-chat-hf-wanda-unstruct-50,SOC 2,2025-09-03T14:06:34Z,,strong-signal query hit,ai-and-society/llama-2-7b-chat-hf-wanda-unstruct-50,,False,reject,empty_readme
ai-and-society/llama-2-7b-chat-hf-awq,ai-and-society,llama-2-7b-chat-hf-awq,text-generation,"[""transformers"", ""safetensors"", ""llama"", ""text-generation"", ""conversational"", ""arxiv:1910.09700"", ""autotrain_compatible"", ""text-generation-inference"", ""endpoints_compatible"", ""4-bit"", ""awq"", ""region:us""]",4,0,2024-11-20 08:19:36+00:00,2024-12-03 10:09:21+00:00,,https://huggingface.co/ai-and-society/llama-2-7b-chat-hf-awq,SOC 2,2025-09-03T14:06:34Z,,strong-signal query hit,ai-and-society/llama-2-7b-chat-hf,,False,reject,empty_readme
ai-and-society/llama-3.1-8B-Instruct-wanda-structured-2-4,ai-and-society,llama-3.1-8B-Instruct-wanda-structured-2-4,text-generation,"[""transformers"", ""safetensors"", ""llama"", ""text-generation"", ""conversational"", ""arxiv:1910.09700"", ""autotrain_compatible"", ""text-generation-inference"", ""endpoints_compatible"", ""region:us""]",5,0,2024-11-20 08:54:34+00:00,2024-12-03 10:06:42+00:00,,https://huggingface.co/ai-and-society/llama-3.1-8B-Instruct-wanda-structured-2-4,SOC 2,2025-09-03T14:06:34Z,,strong-signal query hit,ai-and-society/llama-3.1-8B-Instruct-wanda-structured-2-4,,False,reject,empty_readme
soctopus2327/song-mood-predictor,soctopus2327,song-mood-predictor,zero-shot-classification,"[""sklearn"", ""zero-shot-classification"", ""region:us""]",0,0,2024-11-20 19:07:27+00:00,2024-11-20 19:24:04+00:00,,https://huggingface.co/soctopus2327/song-mood-predictor,SOC 2,2025-09-03T14:06:34Z,,strong-signal query hit,soctopus2327/song-mood-predictor,,False,reject,empty_readme
Farseer-W/SoccerTwos_2,Farseer-W,SoccerTwos_2,reinforcement-learning,"[""ml-agents"", ""tensorboard"", ""onnx"", ""SoccerTwos"", ""deep-reinforcement-learning"", ""reinforcement-learning"", ""ML-Agents-SoccerTwos"", ""region:us""]",7,0,2024-11-26 23:03:13+00:00,2024-11-26 23:03:59+00:00,,https://huggingface.co/Farseer-W/SoccerTwos_2,SOC 2,2025-09-03T14:06:34Z,,strong-signal query hit,Farseer-W/SoccerTwos_2,,False,reject,empty_readme
Ridaren/gpt2-socratic,Ridaren,gpt2-socratic,,"[""transformers"", ""safetensors"", ""generated_from_trainer"", ""trl"", ""sft"", ""base_model:distilbert/distilgpt2"", ""base_model:finetune:distilbert/distilgpt2"", ""endpoints_compatible"", ""region:us""]",0,0,2024-11-27 23:52:52+00:00,2024-11-27 23:52:56+00:00,,https://huggingface.co/Ridaren/gpt2-socratic,SOC 2,2025-09-03T14:06:35Z,,strong-signal query hit,Ridaren/gpt2-socratic,,False,reject,empty_readme
Ridaren/gpt2-socratic-dir-test,Ridaren,gpt2-socratic-dir-test,,"[""transformers"", ""safetensors"", ""generated_from_trainer"", ""trl"", ""sft"", ""base_model:distilbert/distilgpt2"", ""base_model:finetune:distilbert/distilgpt2"", ""endpoints_compatible"", ""region:us""]",0,0,2024-11-28 22:30:55+00:00,2024-11-28 22:30:58+00:00,,https://huggingface.co/Ridaren/gpt2-socratic-dir-test,SOC 2,2025-09-03T14:06:35Z,,strong-signal query hit,Ridaren/gpt2-socratic-dir-test,,False,reject,empty_readme
sochelloai/chello28-LORA,sochelloai,chello28-LORA,,"[""license:other"", ""region:us""]",0,0,2024-12-02 17:45:35+00:00,2024-12-06 20:19:38+00:00,,https://huggingface.co/sochelloai/chello28-LORA,SOC 2,2025-09-03T14:06:35Z,,strong-signal query hit,sochelloai/chello28-LORA,,False,reject,empty_readme
ai-and-society/mistral-7B-Instruct-v0.3-wanda-structured-2-4,ai-and-society,mistral-7B-Instruct-v0.3-wanda-structured-2-4,text-generation,"[""transformers"", ""safetensors"", ""mistral"", ""text-generation"", ""conversational"", ""arxiv:1910.09700"", ""autotrain_compatible"", ""text-generation-inference"", ""endpoints_compatible"", ""region:us""]",4,0,2024-12-03 10:15:22+00:00,2024-12-03 10:21:46+00:00,,https://huggingface.co/ai-and-society/mistral-7B-Instruct-v0.3-wanda-structured-2-4,SOC 2,2025-09-03T14:06:35Z,,strong-signal query hit,ai-and-society/mistral-7B-Instruct-v0.3-wanda-structured-2-4,,False,reject,empty_readme
tamgrnguyen/Gemma-2-2b-it-Vietnamese-Social-Aesthetic,tamgrnguyen,Gemma-2-2b-it-Vietnamese-Social-Aesthetic,text-generation,"[""transformers"", ""safetensors"", ""gemma2"", ""text-generation"", ""conversational"", ""arxiv:1910.09700"", ""autotrain_compatible"", ""text-generation-inference"", ""endpoints_compatible"", ""region:us""]",4,0,2024-12-03 16:33:25+00:00,2024-12-03 17:01:24+00:00,,https://huggingface.co/tamgrnguyen/Gemma-2-2b-it-Vietnamese-Social-Aesthetic,SOC 2,2025-09-03T14:06:36Z,,strong-signal query hit,tamgrnguyen/Gemma-2-2b-it-Vietnamese-Social-Aesthetic,,False,reject,empty_readme
mradermacher/Gemma-2-2b-it-Vietnamese-Social-Aesthetic-GGUF,mradermacher,Gemma-2-2b-it-Vietnamese-Social-Aesthetic-GGUF,,"[""transformers"", ""gguf"", ""en"", ""base_model:tamgrnguyen/Gemma-2-2b-it-Vietnamese-Social-Aesthetic"", ""base_model:quantized:tamgrnguyen/Gemma-2-2b-it-Vietnamese-Social-Aesthetic"", ""endpoints_compatible"", ""region:us"", ""conversational""]",44,0,2024-12-04 11:03:34+00:00,2024-12-04 11:26:56+00:00,,https://huggingface.co/mradermacher/Gemma-2-2b-it-Vietnamese-Social-Aesthetic-GGUF,SOC 2,2025-09-03T14:06:36Z,,strong-signal query hit,mradermacher/Gemma-2-2b-it-Vietnamese-Social-Aesthetic,,False,reject,empty_readme
vineetpasumarti/poca-SoccerTwos_v2,vineetpasumarti,poca-SoccerTwos_v2,reinforcement-learning,"[""ml-agents"", ""tensorboard"", ""onnx"", ""SoccerTwos"", ""deep-reinforcement-learning"", ""reinforcement-learning"", ""ML-Agents-SoccerTwos"", ""region:us""]",0,0,2024-12-06 14:30:50+00:00,2024-12-06 14:32:32+00:00,,https://huggingface.co/vineetpasumarti/poca-SoccerTwos_v2,SOC 2,2025-09-03T14:06:36Z,,strong-signal query hit,vineetpasumarti/poca-SoccerTwos_v2,,False,reject,empty_readme
vagi/poca-SoccerTwos-v2,vagi,poca-SoccerTwos-v2,reinforcement-learning,"[""ml-agents"", ""tensorboard"", ""onnx"", ""SoccerTwos"", ""deep-reinforcement-learning"", ""reinforcement-learning"", ""ML-Agents-SoccerTwos"", ""region:us""]",6,0,2024-12-07 09:49:44+00:00,2024-12-07 09:50:03+00:00,,https://huggingface.co/vagi/poca-SoccerTwos-v2,SOC 2,2025-09-03T14:06:36Z,,strong-signal query hit,vagi/poca-SoccerTwos-v2,,False,reject,empty_readme
vagi/poca-SoccerTwos-v2.1,vagi,poca-SoccerTwos-v2.1,reinforcement-learning,"[""ml-agents"", ""tensorboard"", ""onnx"", ""SoccerTwos"", ""deep-reinforcement-learning"", ""reinforcement-learning"", ""ML-Agents-SoccerTwos"", ""region:us""]",0,0,2024-12-08 14:05:33+00:00,2024-12-08 14:05:55+00:00,,https://huggingface.co/vagi/poca-SoccerTwos-v2.1,SOC 2,2025-09-03T14:06:36Z,,strong-signal query hit,vagi/poca-SoccerTwos-v2.1,,False,reject,empty_readme
codecfakev2/model_LA_WCE_4_14_1e-06_socodec_16384x4_120ms_16khz_chinese_16k,codecfakev2,model_LA_WCE_4_14_1e-06_socodec_16384x4_120ms_16khz_chinese_16k,,"[""region:us""]",0,0,2024-12-16 08:56:30+00:00,2024-12-30 04:37:54+00:00,,https://huggingface.co/codecfakev2/model_LA_WCE_4_14_1e-06_socodec_16384x4_120ms_16khz_chinese_16k,SOC 2,2025-09-03T14:06:37Z,,strong-signal query hit,codecfakev2/model_LA_WCE_4_14_1e-06_socodec_16384x4_120ms_16khz_chinese_16k,,False,reject,empty_readme
edus20/poca-SoccerTwos,edus20,poca-SoccerTwos,reinforcement-learning,"[""ml-agents"", ""tensorboard"", ""onnx"", ""SoccerTwos"", ""deep-reinforcement-learning"", ""reinforcement-learning"", ""ML-Agents-SoccerTwos"", ""region:us""]",0,0,2024-12-19 07:25:37+00:00,2024-12-19 07:25:54+00:00,,https://huggingface.co/edus20/poca-SoccerTwos,SOC 2,2025-09-03T14:06:37Z,,strong-signal query hit,edus20/poca-SoccerTwos,,False,reject,empty_readme
adrian-nf/ML-Agents-SoccerTwos-Good-V2,adrian-nf,ML-Agents-SoccerTwos-Good-V2,reinforcement-learning,"[""ml-agents"", ""tensorboard"", ""onnx"", ""SoccerTwos"", ""deep-reinforcement-learning"", ""reinforcement-learning"", ""ML-Agents-SoccerTwos"", ""region:us""]",1,0,2024-12-19 17:38:59+00:00,2024-12-19 17:39:11+00:00,,https://huggingface.co/adrian-nf/ML-Agents-SoccerTwos-Good-V2,SOC 2,2025-09-03T14:06:37Z,,strong-signal query hit,adrian-nf/ML-Agents-SoccerTwos-Good-V2,,False,reject,empty_readme
ZZanty/ML-Agents-SoccerTwos-2,ZZanty,ML-Agents-SoccerTwos-2,reinforcement-learning,"[""ml-agents"", ""tensorboard"", ""onnx"", ""SoccerTwos"", ""deep-reinforcement-learning"", ""reinforcement-learning"", ""ML-Agents-SoccerTwos"", ""region:us""]",2,0,2024-12-19 21:49:31+00:00,2024-12-20 03:07:06+00:00,,https://huggingface.co/ZZanty/ML-Agents-SoccerTwos-2,SOC 2,2025-09-03T14:06:37Z,,strong-signal query hit,ZZanty/ML-Agents-SoccerTwos-2,,False,reject,empty_readme
CogBase-USTC/Qwen2.5-Math-7B-Instruct-SocraticLM,CogBase-USTC,Qwen2.5-Math-7B-Instruct-SocraticLM,text-generation,"[""transformers"", ""safetensors"", ""qwen2"", ""text-generation"", ""llama-factory"", ""full"", ""generated_from_trainer"", ""conversational"", ""en"", ""zh"", ""license:other"", ""autotrain_compatible"", ""text-generation-inference"", ""endpoints_compatible"", ""region:us""]",59,2,2024-12-24 01:32:53+00:00,2024-12-24 02:51:18+00:00,,https://huggingface.co/CogBase-USTC/Qwen2.5-Math-7B-Instruct-SocraticLM,SOC 2,2025-09-03T14:06:37Z,,strong-signal query hit,CogBase-USTC/Qwen2.5-Math-7B-Instruct-SocraticLM,,False,reject,empty_readme
mradermacher/social-llama-7b-alpha-v2-GGUF,mradermacher,social-llama-7b-alpha-v2-GGUF,,"[""transformers"", ""gguf"", ""en"", ""base_model:AndersGiovanni/social-llama-7b-alpha-v2"", ""base_model:quantized:AndersGiovanni/social-llama-7b-alpha-v2"", ""endpoints_compatible"", ""region:us""]",4,0,2024-12-26 15:48:57+00:00,2024-12-26 16:35:21+00:00,,https://huggingface.co/mradermacher/social-llama-7b-alpha-v2-GGUF,SOC 2,2025-09-03T14:06:38Z,,strong-signal query hit,mradermacher/social-llama-7b-alpha-v2,,False,reject,empty_readme
Minekorkmz/SocialMediaSentiment-Llama-2-7b-2numarali,Minekorkmz,SocialMediaSentiment-Llama-2-7b-2numarali,text-generation,"[""transformers"", ""safetensors"", ""llama"", ""text-generation"", ""text-generation-inference"", ""unsloth"", ""trl"", ""sft"", ""conversational"", ""en"", ""base_model:unsloth/llama-2-7b-chat-bnb-4bit"", ""base_model:finetune:unsloth/llama-2-7b-chat-bnb-4bit"", ""license:apache-2.0"", ""autotrain_compatible"", ""endpoints_compatible"", ""region:us""]",1,0,2024-12-28 14:23:00+00:00,2024-12-28 14:27:11+00:00,,https://huggingface.co/Minekorkmz/SocialMediaSentiment-Llama-2-7b-2numarali,SOC 2,2025-09-03T14:06:38Z,,strong-signal query hit,Minekorkmz/SocialMediaSentiment-Llama-2-7b-2numarali,,False,reject,empty_readme
ITI107-2024S2/5330814E_SoccerModel,ITI107-2024S2,5330814E_SoccerModel,,"[""region:us""]",0,0,2024-12-29 07:53:36+00:00,2024-12-29 08:00:31+00:00,,https://huggingface.co/ITI107-2024S2/5330814E_SoccerModel,SOC 2,2025-09-03T14:06:38Z,,strong-signal query hit,ITI107-2024S2/5330814E_SoccerModel,,False,reject,empty_readme
Pyro-X2/SoccerTwos-ML-Agents,Pyro-X2,SoccerTwos-ML-Agents,reinforcement-learning,"[""ml-agents"", ""tensorboard"", ""onnx"", ""SoccerTwos"", ""deep-reinforcement-learning"", ""reinforcement-learning"", ""ML-Agents-SoccerTwos"", ""region:us""]",4,0,2024-12-30 20:42:42+00:00,2024-12-30 20:43:43+00:00,,https://huggingface.co/Pyro-X2/SoccerTwos-ML-Agents,SOC 2,2025-09-03T14:06:38Z,,strong-signal query hit,Pyro-X2/SoccerTwos-ML-Agents,,False,reject,empty_readme
wirthy21/rlv2unit7_poca-SoccerTwos,wirthy21,rlv2unit7_poca-SoccerTwos,reinforcement-learning,"[""ml-agents"", ""tensorboard"", ""onnx"", ""SoccerTwos"", ""deep-reinforcement-learning"", ""reinforcement-learning"", ""ML-Agents-SoccerTwos"", ""region:us""]",10,0,2025-01-03 15:10:11+00:00,2025-01-03 15:10:16+00:00,,https://huggingface.co/wirthy21/rlv2unit7_poca-SoccerTwos,SOC 2,2025-09-03T14:06:38Z,,strong-signal query hit,wirthy21/rlv2unit7_poca-SoccerTwos,,False,reject,empty_readme
MaziyarPanahi/Qwen2.5-Math-7B-Instruct-SocraticLM-GGUF,MaziyarPanahi,Qwen2.5-Math-7B-Instruct-SocraticLM-GGUF,text-generation,"[""gguf"", ""mistral"", ""quantized"", ""2-bit"", ""3-bit"", ""4-bit"", ""5-bit"", ""6-bit"", ""8-bit"", ""GGUF"", ""text-generation"", ""base_model:CogBase-USTC/Qwen2.5-Math-7B-Instruct-SocraticLM"", ""base_model:quantized:CogBase-USTC/Qwen2.5-Math-7B-Instruct-SocraticLM"", ""region:us"", ""conversational""]",10,0,2025-01-05 05:03:27+00:00,2025-01-05 05:23:54+00:00,,https://huggingface.co/MaziyarPanahi/Qwen2.5-Math-7B-Instruct-SocraticLM-GGUF,SOC 2,2025-09-03T14:06:39Z,,strong-signal query hit,MaziyarPanahi/Qwen2.5-Math-7B-Instruct-SocraticLM,,False,reject,empty_readme
patatus2000/poca-SoccerTwos,patatus2000,poca-SoccerTwos,reinforcement-learning,"[""ml-agents"", ""tensorboard"", ""onnx"", ""SoccerTwos"", ""deep-reinforcement-learning"", ""reinforcement-learning"", ""ML-Agents-SoccerTwos"", ""region:us""]",7,0,2025-01-06 22:17:10+00:00,2025-01-06 22:17:34+00:00,,https://huggingface.co/patatus2000/poca-SoccerTwos,SOC 2,2025-09-03T14:06:39Z,,strong-signal query hit,patatus2000/poca-SoccerTwos,,False,reject,empty_readme
hartman23/poca-SoccerTwos,hartman23,poca-SoccerTwos,reinforcement-learning,"[""ml-agents"", ""tensorboard"", ""onnx"", ""SoccerTwos"", ""deep-reinforcement-learning"", ""reinforcement-learning"", ""ML-Agents-SoccerTwos"", ""region:us""]",1,0,2025-01-13 19:54:37+00:00,2025-01-13 19:57:30+00:00,,https://huggingface.co/hartman23/poca-SoccerTwos,SOC 2,2025-09-03T14:06:39Z,,strong-signal query hit,hartman23/poca-SoccerTwos,,False,reject,empty_readme
magpie2211/social-anxiety-model-llama,magpie2211,social-anxiety-model-llama,text-generation,"[""transformers"", ""safetensors"", ""llama"", ""text-generation"", ""text-generation-inference"", ""unsloth"", ""trl"", ""sft"", ""conversational"", ""en"", ""base_model:unsloth/Meta-Llama-3.1-8B-Instruct-bnb-4bit"", ""base_model:finetune:unsloth/Meta-Llama-3.1-8B-Instruct-bnb-4bit"", ""license:apache-2.0"", ""autotrain_compatible"", ""endpoints_compatible"", ""region:us""]",4,0,2025-01-15 14:42:40+00:00,2025-01-15 14:48:28+00:00,,https://huggingface.co/magpie2211/social-anxiety-model-llama,SOC 2,2025-09-03T14:06:39Z,,strong-signal query hit,magpie2211/social-anxiety-model-llama,,False,reject,empty_readme
magpie2211/social-anxiety-llama-adapters,magpie2211,social-anxiety-llama-adapters,,"[""transformers"", ""safetensors"", ""text-generation-inference"", ""unsloth"", ""llama"", ""trl"", ""en"", ""base_model:unsloth/Meta-Llama-3.1-8B-Instruct-bnb-4bit"", ""base_model:finetune:unsloth/Meta-Llama-3.1-8B-Instruct-bnb-4bit"", ""license:apache-2.0"", ""endpoints_compatible"", ""region:us""]",0,0,2025-01-15 14:51:19+00:00,2025-01-15 14:51:37+00:00,,https://huggingface.co/magpie2211/social-anxiety-llama-adapters,SOC 2,2025-09-03T14:06:39Z,,strong-signal query hit,magpie2211/social-anxiety-llama-adapters,,False,reject,empty_readme
SeongeonKimFineVT/gemma-2-9b-it_social_iqa,SeongeonKimFineVT,gemma-2-9b-it_social_iqa,text-generation,"[""transformers"", ""safetensors"", ""gemma2"", ""text-generation"", ""text-generation-inference"", ""unsloth"", ""trl"", ""sft"", ""conversational"", ""en"", ""base_model:unsloth/gemma-2-9b-it-bnb-4bit"", ""base_model:finetune:unsloth/gemma-2-9b-it-bnb-4bit"", ""license:apache-2.0"", ""autotrain_compatible"", ""endpoints_compatible"", ""region:us""]",3,0,2025-01-21 11:30:57+00:00,2025-01-21 11:38:16+00:00,,https://huggingface.co/SeongeonKimFineVT/gemma-2-9b-it_social_iqa,SOC 2,2025-09-03T14:06:40Z,,strong-signal query hit,SeongeonKimFineVT/gemma-2-9b-it_social_iqa,,False,reject,empty_readme
FineVT/gemma-2-9b-it_social_iqa,FineVT,gemma-2-9b-it_social_iqa,text-generation,"[""transformers"", ""safetensors"", ""gemma2"", ""text-generation"", ""text-generation-inference"", ""unsloth"", ""trl"", ""conversational"", ""en"", ""base_model:SeongeonKimFineVT/gemma-2-9b-it_social_iqa"", ""base_model:finetune:SeongeonKimFineVT/gemma-2-9b-it_social_iqa"", ""license:apache-2.0"", ""autotrain_compatible"", ""endpoints_compatible"", ""region:us""]",4,0,2025-01-21 23:50:05+00:00,2025-01-21 23:58:28+00:00,,https://huggingface.co/FineVT/gemma-2-9b-it_social_iqa,SOC 2,2025-09-03T14:06:40Z,,strong-signal query hit,FineVT/gemma-2-9b-it_social_iqa,,False,reject,empty_readme
FineVT/gemma-2-9b-it-4bit-social_iqa,FineVT,gemma-2-9b-it-4bit-social_iqa,text-generation,"[""transformers"", ""safetensors"", ""gemma2"", ""text-generation"", ""text-generation-inference"", ""unsloth"", ""trl"", ""sft"", ""conversational"", ""en"", ""base_model:SeongeonKimFineVT/gemma-2-9b-it_social_iqa"", ""base_model:quantized:SeongeonKimFineVT/gemma-2-9b-it_social_iqa"", ""license:apache-2.0"", ""autotrain_compatible"", ""endpoints_compatible"", ""4-bit"", ""bitsandbytes"", ""region:us""]",5,0,2025-01-22 00:07:17+00:00,2025-01-22 00:11:28+00:00,,https://huggingface.co/FineVT/gemma-2-9b-it-4bit-social_iqa,SOC 2,2025-09-03T14:06:40Z,,strong-signal query hit,FineVT/gemma-2-9b-it-4bit-social_iqa,,False,reject,empty_readme
FineVT/phi-4-social_iqa_v2,FineVT,phi-4-social_iqa_v2,text-generation,"[""transformers"", ""safetensors"", ""llama"", ""text-generation"", ""text-generation-inference"", ""unsloth"", ""trl"", ""conversational"", ""en"", ""base_model:unsloth/phi-4-unsloth-bnb-4bit"", ""base_model:finetune:unsloth/phi-4-unsloth-bnb-4bit"", ""license:apache-2.0"", ""autotrain_compatible"", ""endpoints_compatible"", ""region:us""]",6,0,2025-01-22 23:09:19+00:00,2025-01-22 23:24:30+00:00,,https://huggingface.co/FineVT/phi-4-social_iqa_v2,SOC 2,2025-09-03T14:06:40Z,,strong-signal query hit,FineVT/phi-4-social_iqa_v2,,False,reject,empty_readme
egujr001/Llama-2-13b-chat-hf-fine-tuned-social-network,egujr001,Llama-2-13b-chat-hf-fine-tuned-social-network,,"[""transformers"", ""safetensors"", ""generated_from_trainer"", ""trl"", ""sft"", ""base_model:meta-llama/Llama-2-13b-chat-hf"", ""base_model:finetune:meta-llama/Llama-2-13b-chat-hf"", ""endpoints_compatible"", ""region:us""]",0,0,2025-02-01 19:54:15+00:00,2025-02-01 19:54:20+00:00,,https://huggingface.co/egujr001/Llama-2-13b-chat-hf-fine-tuned-social-network,SOC 2,2025-09-03T14:06:40Z,,strong-signal query hit,egujr001/Llama-2-13b-chat-hf-fine-tuned-social-network,,False,reject,empty_readme
socks22/sdxl-perfect-pony,socks22,sdxl-perfect-pony,text-to-image,"[""diffusers"", ""safetensors"", ""arxiv:1910.09700"", ""autotrain_compatible"", ""endpoints_compatible"", ""diffusers:StableDiffusionXLPipeline"", ""region:us""]",2,0,2025-02-01 23:14:43+00:00,2025-02-01 23:19:08+00:00,,https://huggingface.co/socks22/sdxl-perfect-pony,SOC 2,2025-09-03T14:06:41Z,,strong-signal query hit,socks22/sdxl-perfect-pony,,False,reject,empty_readme
llavallava/qwen2.5-3b-instruct-trl-sft-social,llavallava,qwen2.5-3b-instruct-trl-sft-social,,"[""region:us""]",0,0,2025-02-02 04:41:54+00:00,2025-02-02 04:41:54+00:00,,https://huggingface.co/llavallava/qwen2.5-3b-instruct-trl-sft-social,SOC 2,2025-09-03T14:06:41Z,,strong-signal query hit,llavallava/qwen2.5-3b-instruct-trl-sft-social,,False,reject,empty_readme
llavallava/qwen2.5-3b-instruct-trl-sft-lora-social,llavallava,qwen2.5-3b-instruct-trl-sft-lora-social,,"[""transformers"", ""tensorboard"", ""safetensors"", ""generated_from_trainer"", ""trl"", ""sft"", ""base_model:Qwen/Qwen2.5-VL-3B-Instruct"", ""base_model:finetune:Qwen/Qwen2.5-VL-3B-Instruct"", ""endpoints_compatible"", ""region:us""]",0,0,2025-02-02 05:05:51+00:00,2025-02-03 00:59:02+00:00,,https://huggingface.co/llavallava/qwen2.5-3b-instruct-trl-sft-lora-social,SOC 2,2025-09-03T14:06:41Z,,strong-signal query hit,llavallava/qwen2.5-3b-instruct-trl-sft-lora-social,,False,reject,empty_readme
llavallava/qwen2.5-7b-instruct-trl-sft-lora-social,llavallava,qwen2.5-7b-instruct-trl-sft-lora-social,,"[""transformers"", ""tensorboard"", ""safetensors"", ""generated_from_trainer"", ""trl"", ""sft"", ""base_model:Qwen/Qwen2.5-VL-7B-Instruct"", ""base_model:finetune:Qwen/Qwen2.5-VL-7B-Instruct"", ""endpoints_compatible"", ""region:us""]",0,0,2025-02-02 05:07:29+00:00,2025-02-03 16:48:07+00:00,,https://huggingface.co/llavallava/qwen2.5-7b-instruct-trl-sft-lora-social,SOC 2,2025-09-03T14:06:41Z,,strong-signal query hit,llavallava/qwen2.5-7b-instruct-trl-sft-lora-social,,False,reject,empty_readme
llavallava/qwen2.5-72b-instruct-trl-sft-lora-social,llavallava,qwen2.5-72b-instruct-trl-sft-lora-social,,"[""region:us""]",0,0,2025-02-02 20:46:05+00:00,2025-02-02 20:46:05+00:00,,https://huggingface.co/llavallava/qwen2.5-72b-instruct-trl-sft-lora-social,SOC 2,2025-09-03T14:06:41Z,,strong-signal query hit,llavallava/qwen2.5-72b-instruct-trl-sft-lora-social,,False,reject,empty_readme
llavallava/qwen2.5-3b-instruct-trl-sft-lora-social_debug,llavallava,qwen2.5-3b-instruct-trl-sft-lora-social_debug,,"[""transformers"", ""tensorboard"", ""safetensors"", ""generated_from_trainer"", ""trl"", ""sft"", ""base_model:Qwen/Qwen2.5-VL-3B-Instruct"", ""base_model:finetune:Qwen/Qwen2.5-VL-3B-Instruct"", ""endpoints_compatible"", ""region:us""]",0,0,2025-02-03 07:25:03+00:00,2025-02-04 03:56:11+00:00,,https://huggingface.co/llavallava/qwen2.5-3b-instruct-trl-sft-lora-social_debug,SOC 2,2025-09-03T14:06:42Z,,strong-signal query hit,llavallava/qwen2.5-3b-instruct-trl-sft-lora-social_debug,,False,reject,empty_readme
llavallava/qwen2.5-7b-instruct-trl-sft-lora-social_debug,llavallava,qwen2.5-7b-instruct-trl-sft-lora-social_debug,,"[""transformers"", ""tensorboard"", ""safetensors"", ""generated_from_trainer"", ""trl"", ""sft"", ""base_model:Qwen/Qwen2.5-VL-7B-Instruct"", ""base_model:finetune:Qwen/Qwen2.5-VL-7B-Instruct"", ""endpoints_compatible"", ""region:us""]",0,0,2025-02-03 08:36:39+00:00,2025-02-04 09:36:52+00:00,,https://huggingface.co/llavallava/qwen2.5-7b-instruct-trl-sft-lora-social_debug,SOC 2,2025-09-03T14:06:42Z,,strong-signal query hit,llavallava/qwen2.5-7b-instruct-trl-sft-lora-social_debug,,False,reject,empty_readme
soccerking/cerebra-v2,soccerking,cerebra-v2,,"[""safetensors"", ""llama"", ""region:us""]",4,0,2025-02-03 18:30:05+00:00,2025-02-05 19:17:16+00:00,,https://huggingface.co/soccerking/cerebra-v2,SOC 2,2025-09-03T14:06:42Z,,strong-signal query hit,soccerking/cerebra-v2,,False,reject,empty_readme
llavallava/qwen2.5-72b-instruct-trl-sft-lora-social_1epoch,llavallava,qwen2.5-72b-instruct-trl-sft-lora-social_1epoch,,"[""tensorboard"", ""safetensors"", ""region:us""]",0,0,2025-02-04 19:10:13+00:00,2025-02-05 18:31:15+00:00,,https://huggingface.co/llavallava/qwen2.5-72b-instruct-trl-sft-lora-social_1epoch,SOC 2,2025-09-03T14:06:42Z,,strong-signal query hit,llavallava/qwen2.5-72b-instruct-trl-sft-lora-social_1epoch,,False,reject,empty_readme
llavallava/qwen2.5-3b-instruct-trl-sft-lora-social_1epoch,llavallava,qwen2.5-3b-instruct-trl-sft-lora-social_1epoch,,"[""region:us""]",0,0,2025-02-04 19:16:39+00:00,2025-02-04 19:16:40+00:00,,https://huggingface.co/llavallava/qwen2.5-3b-instruct-trl-sft-lora-social_1epoch,SOC 2,2025-09-03T14:06:43Z,,strong-signal query hit,llavallava/qwen2.5-3b-instruct-trl-sft-lora-social_1epoch,,False,reject,empty_readme
Chikaraface/llama_vision_unsloth_soccer_team2,Chikaraface,llama_vision_unsloth_soccer_team2,,"[""transformers"", ""safetensors"", ""text-generation-inference"", ""unsloth"", ""mllama"", ""trl"", ""en"", ""license:apache-2.0"", ""endpoints_compatible"", ""region:us""]",0,0,2025-02-05 09:59:57+00:00,2025-02-05 10:00:39+00:00,,https://huggingface.co/Chikaraface/llama_vision_unsloth_soccer_team2,SOC 2,2025-09-03T14:06:43Z,,strong-signal query hit,Chikaraface/llama_vision_unsloth_soccer_team2,,False,reject,empty_readme
marzieh-maleki/anno-social-gpt2-tuned,marzieh-maleki,anno-social-gpt2-tuned,text-generation,"[""transformers"", ""pytorch"", ""gpt2"", ""text-generation"", ""generated_from_trainer"", ""trl"", ""sft"", ""base_model:openai-community/gpt2"", ""base_model:finetune:openai-community/gpt2"", ""autotrain_compatible"", ""text-generation-inference"", ""endpoints_compatible"", ""region:us""]",5,0,2025-02-06 07:47:29+00:00,2025-02-06 09:40:39+00:00,,https://huggingface.co/marzieh-maleki/anno-social-gpt2-tuned,SOC 2,2025-09-03T14:06:43Z,,strong-signal query hit,marzieh-maleki/anno-social-gpt2-tuned,,False,reject,empty_readme
marzieh-maleki/defeasible-social-gpt2-tuned,marzieh-maleki,defeasible-social-gpt2-tuned,text-generation,"[""transformers"", ""pytorch"", ""gpt2"", ""text-generation"", ""generated_from_trainer"", ""trl"", ""sft"", ""base_model:openai-community/gpt2"", ""base_model:finetune:openai-community/gpt2"", ""autotrain_compatible"", ""text-generation-inference"", ""endpoints_compatible"", ""region:us""]",5,0,2025-02-06 08:39:02+00:00,2025-02-06 08:39:31+00:00,,https://huggingface.co/marzieh-maleki/defeasible-social-gpt2-tuned,SOC 2,2025-09-03T14:06:43Z,,strong-signal query hit,marzieh-maleki/defeasible-social-gpt2-tuned,,False,reject,empty_readme
Amalpan/llava-finetune-soccer2,Amalpan,llava-finetune-soccer2,image-to-text,"[""transformers"", ""safetensors"", ""llava_next_video"", ""image-to-text"", ""arxiv:1910.09700"", ""endpoints_compatible"", ""region:us""]",5,0,2025-02-09 15:59:41+00:00,2025-02-09 16:05:52+00:00,,https://huggingface.co/Amalpan/llava-finetune-soccer2,SOC 2,2025-09-03T14:06:43Z,,strong-signal query hit,Amalpan/llava-finetune-soccer2,,False,reject,empty_readme
carpit680/act_giraffe_sock_demo_2,carpit680,act_giraffe_sock_demo_2,,"[""safetensors"", ""region:us""]",1,0,2025-02-10 01:13:02+00:00,2025-02-10 01:13:22+00:00,,https://huggingface.co/carpit680/act_giraffe_sock_demo_2,SOC 2,2025-09-03T14:06:44Z,,strong-signal query hit,carpit680/act_giraffe_sock_demo_2,,False,reject,empty_readme
silverside/coke_soccer_v2,silverside,coke_soccer_v2,text-to-image,"[""diffusers"", ""flux"", ""lora"", ""replicate"", ""text-to-image"", ""en"", ""base_model:black-forest-labs/FLUX.1-dev"", ""base_model:adapter:black-forest-labs/FLUX.1-dev"", ""license:other"", ""region:us""]",0,0,2025-02-10 20:13:20+00:00,2025-02-10 21:02:43+00:00,,https://huggingface.co/silverside/coke_soccer_v2,SOC 2,2025-09-03T14:06:44Z,,strong-signal query hit,silverside/coke_soccer_v2,,False,reject,empty_readme
socks22/sdxl-wai-nsfw-illustriousv10,socks22,sdxl-wai-nsfw-illustriousv10,text-to-image,"[""diffusers"", ""safetensors"", ""arxiv:1910.09700"", ""autotrain_compatible"", ""endpoints_compatible"", ""diffusers:StableDiffusionXLPipeline"", ""region:us"", ""not-for-all-audiences""]",0,0,2025-02-11 21:31:55+00:00,2025-02-11 21:35:14+00:00,,https://huggingface.co/socks22/sdxl-wai-nsfw-illustriousv10,SOC 2,2025-09-03T14:06:44Z,,strong-signal query hit,socks22/sdxl-wai-nsfw-illustriousv10,,False,reject,empty_readme
Balab2021/poca-SoccerTwos,Balab2021,poca-SoccerTwos,reinforcement-learning,"[""ml-agents"", ""tensorboard"", ""onnx"", ""SoccerTwos"", ""deep-reinforcement-learning"", ""reinforcement-learning"", ""ML-Agents-SoccerTwos"", ""region:us""]",0,0,2025-02-11 23:37:26+00:00,2025-02-12 02:25:22+00:00,,https://huggingface.co/Balab2021/poca-SoccerTwos,SOC 2,2025-09-03T14:06:44Z,,strong-signal query hit,Balab2021/poca-SoccerTwos,,False,reject,empty_readme
ntn201105/poca-SoccerTwos,ntn201105,poca-SoccerTwos,reinforcement-learning,"[""ml-agents"", ""tensorboard"", ""onnx"", ""SoccerTwos"", ""deep-reinforcement-learning"", ""reinforcement-learning"", ""ML-Agents-SoccerTwos"", ""region:us""]",2,0,2025-02-19 02:04:42+00:00,2025-02-19 02:10:25+00:00,,https://huggingface.co/ntn201105/poca-SoccerTwos,SOC 2,2025-09-03T14:06:44Z,,strong-signal query hit,ntn201105/poca-SoccerTwos,,False,reject,empty_readme
MikheilKvizhinadze2001/soccertwos,MikheilKvizhinadze2001,soccertwos,reinforcement-learning,"[""ml-agents"", ""tensorboard"", ""SoccerTwos"", ""deep-reinforcement-learning"", ""reinforcement-learning"", ""ML-Agents-SoccerTwos"", ""region:us""]",0,0,2025-02-19 11:38:49+00:00,2025-02-19 11:38:53+00:00,,https://huggingface.co/MikheilKvizhinadze2001/soccertwos,SOC 2,2025-09-03T14:06:45Z,,strong-signal query hit,MikheilKvizhinadze2001/soccertwos,,False,reject,empty_readme
socks22/sdxl-wai-nsfw-illustriousv11,socks22,sdxl-wai-nsfw-illustriousv11,text-to-image,"[""diffusers"", ""safetensors"", ""arxiv:1910.09700"", ""autotrain_compatible"", ""endpoints_compatible"", ""diffusers:StableDiffusionXLPipeline"", ""region:us"", ""not-for-all-audiences""]",0,0,2025-02-26 19:20:32+00:00,2025-02-26 19:24:13+00:00,,https://huggingface.co/socks22/sdxl-wai-nsfw-illustriousv11,SOC 2,2025-09-03T14:06:45Z,,strong-signal query hit,socks22/sdxl-wai-nsfw-illustriousv11,,False,reject,empty_readme
Synthcite24/poca-SoccerTwos,Synthcite24,poca-SoccerTwos,reinforcement-learning,"[""ml-agents"", ""tensorboard"", ""onnx"", ""SoccerTwos"", ""deep-reinforcement-learning"", ""reinforcement-learning"", ""ML-Agents-SoccerTwos"", ""region:us""]",0,0,2025-03-07 17:36:47+00:00,2025-03-07 17:37:17+00:00,,https://huggingface.co/Synthcite24/poca-SoccerTwos,SOC 2,2025-09-03T14:06:45Z,,strong-signal query hit,Synthcite24/poca-SoccerTwos,,False,reject,empty_readme
Anorak2009/SoccerTest,Anorak2009,SoccerTest,,"[""license:mit"", ""region:us""]",0,0,2025-03-12 19:03:42+00:00,2025-03-12 19:03:42+00:00,,https://huggingface.co/Anorak2009/SoccerTest,SOC 2,2025-09-03T14:06:45Z,,strong-signal query hit,Anorak2009/SoccerTest,,False,reject,empty_readme
ezrab/poca-SoccerTwos2,ezrab,poca-SoccerTwos2,,"[""region:us""]",0,0,2025-03-14 18:12:43+00:00,2025-03-14 18:12:43+00:00,,https://huggingface.co/ezrab/poca-SoccerTwos2,SOC 2,2025-09-03T14:06:45Z,,strong-signal query hit,ezrab/poca-SoccerTwos2,,False,reject,empty_readme
ezrab/poca-SoccerTwos2b,ezrab,poca-SoccerTwos2b,reinforcement-learning,"[""ml-agents"", ""tensorboard"", ""onnx"", ""SoccerTwos"", ""deep-reinforcement-learning"", ""reinforcement-learning"", ""ML-Agents-SoccerTwos"", ""region:us""]",1,0,2025-03-18 03:39:13+00:00,2025-03-18 03:39:29+00:00,,https://huggingface.co/ezrab/poca-SoccerTwos2b,SOC 2,2025-09-03T14:06:46Z,,strong-signal query hit,ezrab/poca-SoccerTwos2b,,False,reject,empty_readme
IrohXu/SocialGesture-QwenVL-2-7B,IrohXu,SocialGesture-QwenVL-2-7B,,"[""license:cc-by-nc-4.0"", ""region:us""]",0,0,2025-03-19 18:08:46+00:00,2025-03-19 18:08:46+00:00,,https://huggingface.co/IrohXu/SocialGesture-QwenVL-2-7B,SOC 2,2025-09-03T14:06:46Z,,strong-signal query hit,IrohXu/SocialGesture-QwenVL-2-7B,,False,reject,empty_readme
martossien/Mistral-Small-3.1-24B-Instruct-2503-code_secu_sociale_FP8_FP16,martossien,Mistral-Small-3.1-24B-Instruct-2503-code_secu_sociale_FP8_FP16,image-text-to-text,"[""safetensors"", ""mistral3"", ""legal"", ""medical"", ""code"", ""image-text-to-text"", ""conversational"", ""fr"", ""en"", ""dataset:louisbrulenaudet/code-securite-sociale"", ""license:apache-2.0"", ""compressed-tensors"", ""region:us""]",4,0,2025-03-29 21:00:56+00:00,2025-03-29 22:23:49+00:00,,https://huggingface.co/martossien/Mistral-Small-3.1-24B-Instruct-2503-code_secu_sociale_FP8_FP16,SOC 2,2025-09-03T14:06:46Z,,strong-signal query hit,martossien/Mistral-Small-3.1-24B-Instruct-2503-code_secu_sociale_FP8_FP16,,False,reject,empty_readme
martossien/Mistral-Small-3.1-24B-Instruct-2503-code_secu_sociale_INT4,martossien,Mistral-Small-3.1-24B-Instruct-2503-code_secu_sociale_INT4,image-text-to-text,"[""safetensors"", ""mistral3"", ""legal"", ""code"", ""medical"", ""image-text-to-text"", ""conversational"", ""fr"", ""en"", ""dataset:louisbrulenaudet/code-securite-sociale"", ""base_model:mistralai/Mistral-Small-3.1-24B-Instruct-2503"", ""base_model:finetune:mistralai/Mistral-Small-3.1-24B-Instruct-2503"", ""license:apache-2.0"", ""8-bit"", ""region:us""]",8,1,2025-03-29 21:47:11+00:00,2025-03-29 22:23:22+00:00,,https://huggingface.co/martossien/Mistral-Small-3.1-24B-Instruct-2503-code_secu_sociale_INT4,SOC 2,2025-09-03T14:06:46Z,,strong-signal query hit,martossien/Mistral-Small-3.1-24B-Instruct-2503-code_secu_sociale_INT4,,False,reject,empty_readme
Haricot24601/poca-SoccerTwos,Haricot24601,poca-SoccerTwos,reinforcement-learning,"[""ml-agents"", ""tensorboard"", ""onnx"", ""SoccerTwos"", ""deep-reinforcement-learning"", ""reinforcement-learning"", ""ML-Agents-SoccerTwos"", ""region:us""]",1,0,2025-04-02 07:39:49+00:00,2025-04-02 07:40:24+00:00,,https://huggingface.co/Haricot24601/poca-SoccerTwos,SOC 2,2025-09-03T14:06:46Z,,strong-signal query hit,Haricot24601/poca-SoccerTwos,,False,reject,empty_readme
RichardErkhov/Minekorkmz_-_SocialMediaSentiment-Llama-2-7b-2numarali-gguf,RichardErkhov,Minekorkmz_-_SocialMediaSentiment-Llama-2-7b-2numarali-gguf,,"[""gguf"", ""endpoints_compatible"", ""region:us"", ""conversational""]",18,0,2025-04-08 17:43:57+00:00,2025-04-08 19:52:54+00:00,,https://huggingface.co/RichardErkhov/Minekorkmz_-_SocialMediaSentiment-Llama-2-7b-2numarali-gguf,SOC 2,2025-09-03T14:06:47Z,,strong-signal query hit,RichardErkhov/Minekorkmz_-_SocialMediaSentiment-Llama-2-7b-2numarali,,False,reject,empty_readme
AmmarFahmy/llama-2-7b-social-media-ad-generation,AmmarFahmy,llama-2-7b-social-media-ad-generation,,"[""pytorch"", ""llama"", ""region:us""]",6,0,2025-04-11 12:39:11+00:00,2025-04-11 12:49:52+00:00,,https://huggingface.co/AmmarFahmy/llama-2-7b-social-media-ad-generation,SOC 2,2025-09-03T14:06:47Z,,strong-signal query hit,AmmarFahmy/llama-2-7b-social-media-ad-generation,,False,reject,empty_readme
pravsels/pick_up_socks_dataset_act_2,pravsels,pick_up_socks_dataset_act_2,,"[""safetensors"", ""region:us""]",0,0,2025-04-13 08:42:00+00:00,2025-04-13 08:42:18+00:00,,https://huggingface.co/pravsels/pick_up_socks_dataset_act_2,SOC 2,2025-09-03T14:06:47Z,,strong-signal query hit,pravsels/pick_up_socks_dataset_act_2,,False,reject,empty_readme
pravsels/pick_up_socks_dataset_act_2_with_aug,pravsels,pick_up_socks_dataset_act_2_with_aug,,"[""safetensors"", ""region:us""]",0,0,2025-04-13 10:47:29+00:00,2025-04-13 10:47:42+00:00,,https://huggingface.co/pravsels/pick_up_socks_dataset_act_2_with_aug,SOC 2,2025-09-03T14:06:47Z,,strong-signal query hit,pravsels/pick_up_socks_dataset_act_2_with_aug,,False,reject,empty_readme
pravsels/pick_up_socks_dataset_act_2_with_aug_9k_steps,pravsels,pick_up_socks_dataset_act_2_with_aug_9k_steps,,"[""safetensors"", ""region:us""]",0,0,2025-04-13 11:00:51+00:00,2025-04-13 11:01:05+00:00,,https://huggingface.co/pravsels/pick_up_socks_dataset_act_2_with_aug_9k_steps,SOC 2,2025-09-03T14:06:47Z,,strong-signal query hit,pravsels/pick_up_socks_dataset_act_2_with_aug_9k_steps,,False,reject,empty_readme
jjturner270/poca-SoccerTwos,jjturner270,poca-SoccerTwos,reinforcement-learning,"[""ml-agents"", ""tensorboard"", ""onnx"", ""SoccerTwos"", ""deep-reinforcement-learning"", ""reinforcement-learning"", ""ML-Agents-SoccerTwos"", ""region:us""]",0,0,2025-04-14 07:31:00+00:00,2025-04-14 07:31:03+00:00,,https://huggingface.co/jjturner270/poca-SoccerTwos,SOC 2,2025-09-03T14:06:48Z,,strong-signal query hit,jjturner270/poca-SoccerTwos,,False,reject,empty_readme
Dvoa22/Socrates,Dvoa22,Socrates,,"[""peft"", ""safetensors"", ""gguf"", ""arxiv:1910.09700"", ""endpoints_compatible"", ""region:us"", ""conversational""]",3,0,2025-04-18 18:47:08+00:00,2025-04-22 17:24:05+00:00,,https://huggingface.co/Dvoa22/Socrates,SOC 2,2025-09-03T14:06:48Z,,strong-signal query hit,Dvoa22/Socrates,,False,reject,empty_readme
rahulgandhi248/socialsync-captioner,rahulgandhi248,socialsync-captioner,,"[""license:mit"", ""region:us""]",0,0,2025-04-22 20:53:44+00:00,2025-04-22 20:53:44+00:00,,https://huggingface.co/rahulgandhi248/socialsync-captioner,SOC 2,2025-09-03T14:06:48Z,,strong-signal query hit,rahulgandhi248/socialsync-captioner,,False,reject,empty_readme
RichardErkhov/CogBase-USTC_-_Qwen2.5-Math-7B-Instruct-SocraticLM-gguf,RichardErkhov,CogBase-USTC_-_Qwen2.5-Math-7B-Instruct-SocraticLM-gguf,,"[""region:us""]",0,0,2025-04-27 13:47:36+00:00,2025-04-27 13:47:36+00:00,,https://huggingface.co/RichardErkhov/CogBase-USTC_-_Qwen2.5-Math-7B-Instruct-SocraticLM-gguf,SOC 2,2025-09-03T14:06:48Z,,strong-signal query hit,RichardErkhov/CogBase-USTC_-_Qwen2.5-Math-7B-Instruct-SocraticLM,,False,reject,empty_readme
Silin1590/Mathstral-7B-Soc-CoA-Ep2,Silin1590,Mathstral-7B-Soc-CoA-Ep2,,"[""safetensors"", ""mistral"", ""license:apache-2.0"", ""region:us""]",4,0,2025-04-28 09:38:20+00:00,2025-04-28 09:40:01+00:00,,https://huggingface.co/Silin1590/Mathstral-7B-Soc-CoA-Ep2,SOC 2,2025-09-03T14:06:48Z,,strong-signal query hit,Silin1590/Mathstral-7B-Soc-CoA-Ep2,,False,reject,empty_readme
ai-and-society/DeepSeek-R1-Distill-Qwen-7B-wanda-structured-2-4,ai-and-society,DeepSeek-R1-Distill-Qwen-7B-wanda-structured-2-4,text-generation,"[""transformers"", ""safetensors"", ""qwen2"", ""text-generation"", ""conversational"", ""arxiv:1910.09700"", ""autotrain_compatible"", ""text-generation-inference"", ""endpoints_compatible"", ""region:us""]",9,0,2025-04-30 14:46:28+00:00,2025-04-30 14:52:52+00:00,,https://huggingface.co/ai-and-society/DeepSeek-R1-Distill-Qwen-7B-wanda-structured-2-4,SOC 2,2025-09-03T14:06:49Z,,strong-signal query hit,ai-and-society/DeepSeek-R1-Distill-Qwen-7B-wanda-structured-2-4,,False,reject,empty_readme
ai-and-society/DeepSeek-R1-Distill-Qwen-32B-wanda-structured-2-4,ai-and-society,DeepSeek-R1-Distill-Qwen-32B-wanda-structured-2-4,text-generation,"[""transformers"", ""safetensors"", ""qwen2"", ""text-generation"", ""conversational"", ""arxiv:1910.09700"", ""autotrain_compatible"", ""text-generation-inference"", ""endpoints_compatible"", ""region:us""]",8,0,2025-04-30 16:08:05+00:00,2025-04-30 16:32:00+00:00,,https://huggingface.co/ai-and-society/DeepSeek-R1-Distill-Qwen-32B-wanda-structured-2-4,SOC 2,2025-09-03T14:06:49Z,,strong-signal query hit,ai-and-society/DeepSeek-R1-Distill-Qwen-32B-wanda-structured-2-4,,False,reject,empty_readme
ai-and-society/Llama-3.1-70B-Instruct-wanda-structured-2-4,ai-and-society,Llama-3.1-70B-Instruct-wanda-structured-2-4,text-generation,"[""transformers"", ""safetensors"", ""llama"", ""text-generation"", ""conversational"", ""arxiv:1910.09700"", ""autotrain_compatible"", ""text-generation-inference"", ""endpoints_compatible"", ""region:us""]",5,0,2025-04-30 20:36:41+00:00,2025-04-30 21:29:36+00:00,,https://huggingface.co/ai-and-society/Llama-3.1-70B-Instruct-wanda-structured-2-4,SOC 2,2025-09-03T14:06:49Z,,strong-signal query hit,ai-and-society/Llama-3.1-70B-Instruct-wanda-structured-2-4,,False,reject,empty_readme
ai-and-society/mistral-Small-24B-Instruct-2501-SQINT8,ai-and-society,mistral-Small-24B-Instruct-2501-SQINT8,text-generation,"[""transformers"", ""safetensors"", ""mistral"", ""text-generation"", ""conversational"", ""arxiv:1910.09700"", ""autotrain_compatible"", ""text-generation-inference"", ""endpoints_compatible"", ""8-bit"", ""compressed-tensors"", ""region:us""]",4,0,2025-05-03 17:30:12+00:00,2025-05-03 17:34:58+00:00,,https://huggingface.co/ai-and-society/mistral-Small-24B-Instruct-2501-SQINT8,SOC 2,2025-09-03T14:06:49Z,,strong-signal query hit,ai-and-society/mistral-Small-24B-Instruct-2501-SQINT8,,False,reject,empty_readme
ai-and-society/mistral-Small-24B-Instruct-2501-awq,ai-and-society,mistral-Small-24B-Instruct-2501-awq,text-generation,"[""transformers"", ""safetensors"", ""mistral"", ""text-generation"", ""conversational"", ""arxiv:1910.09700"", ""autotrain_compatible"", ""text-generation-inference"", ""endpoints_compatible"", ""4-bit"", ""awq"", ""region:us""]",5,0,2025-05-03 22:49:22+00:00,2025-05-03 22:55:01+00:00,,https://huggingface.co/ai-and-society/mistral-Small-24B-Instruct-2501-awq,SOC 2,2025-09-03T14:06:50Z,,strong-signal query hit,ai-and-society/mistral-Small-24B-Instruct-2501,,False,reject,empty_readme
mradermacher/Socratic-Qwen2.5-7B-GGUF,mradermacher,Socratic-Qwen2.5-7B-GGUF,,"[""transformers"", ""gguf"", ""en"", ""base_model:mudit23/Socratic-Qwen2.5-7B"", ""base_model:quantized:mudit23/Socratic-Qwen2.5-7B"", ""endpoints_compatible"", ""region:us"", ""conversational""]",5,1,2025-05-04 21:42:38+00:00,2025-05-04 22:22:15+00:00,,https://huggingface.co/mradermacher/Socratic-Qwen2.5-7B-GGUF,SOC 2,2025-09-03T14:06:50Z,,strong-signal query hit,mradermacher/Socratic-Qwen2.5-7B,,False,reject,empty_readme
mudit23/Socratic-Qwen2.5-7B-v2,mudit23,Socratic-Qwen2.5-7B-v2,text-generation,"[""transformers"", ""safetensors"", ""qwen2"", ""text-generation"", ""conversational"", ""base_model:Qwen/Qwen2.5-7B-Instruct"", ""base_model:finetune:Qwen/Qwen2.5-7B-Instruct"", ""doi:10.57967/hf/5595"", ""license:mit"", ""autotrain_compatible"", ""text-generation-inference"", ""endpoints_compatible"", ""region:us""]",6,2,2025-05-05 23:18:38+00:00,2025-05-23 06:19:49+00:00,,https://huggingface.co/mudit23/Socratic-Qwen2.5-7B-v2,SOC 2,2025-09-03T14:06:50Z,,strong-signal query hit,mudit23/Socratic-Qwen2.5-7B-v2,,False,reject,empty_readme
Aayush61000/social-media-advisor-phi2,Aayush61000,social-media-advisor-phi2,text-generation,"[""transformers"", ""safetensors"", ""phi"", ""text-generation"", ""arxiv:1910.09700"", ""autotrain_compatible"", ""text-generation-inference"", ""endpoints_compatible"", ""region:us""]",13,0,2025-05-06 12:14:40+00:00,2025-05-06 12:21:46+00:00,,https://huggingface.co/Aayush61000/social-media-advisor-phi2,SOC 2,2025-09-03T14:06:50Z,,strong-signal query hit,Aayush61000/social-media-advisor-phi2,,False,reject,empty_readme
ai-and-society/Mistral-Small-24B-Instruct-2501-wanda-unstruct-50,ai-and-society,Mistral-Small-24B-Instruct-2501-wanda-unstruct-50,text-generation,"[""transformers"", ""safetensors"", ""mistral"", ""text-generation"", ""conversational"", ""arxiv:1910.09700"", ""autotrain_compatible"", ""text-generation-inference"", ""endpoints_compatible"", ""region:us""]",7,0,2025-05-06 15:40:44+00:00,2025-05-06 15:59:10+00:00,,https://huggingface.co/ai-and-society/Mistral-Small-24B-Instruct-2501-wanda-unstruct-50,SOC 2,2025-09-03T14:06:50Z,,strong-signal query hit,ai-and-society/Mistral-Small-24B-Instruct-2501-wanda-unstruct-50,,False,reject,empty_readme
mradermacher/Socratic-Qwen2.5-7B-v2-GGUF,mradermacher,Socratic-Qwen2.5-7B-v2-GGUF,,"[""transformers"", ""gguf"", ""en"", ""base_model:mudit23/Socratic-Qwen2.5-7B-v2"", ""base_model:quantized:mudit23/Socratic-Qwen2.5-7B-v2"", ""license:mit"", ""endpoints_compatible"", ""region:us"", ""conversational""]",90,1,2025-05-06 21:32:55+00:00,2025-07-31 05:15:06+00:00,,https://huggingface.co/mradermacher/Socratic-Qwen2.5-7B-v2-GGUF,SOC 2,2025-09-03T14:06:51Z,,strong-signal query hit,mradermacher/Socratic-Qwen2.5-7B-v2,,False,reject,empty_readme
mradermacher/Socratic-Qwen2.5-7B-v2-i1-GGUF,mradermacher,Socratic-Qwen2.5-7B-v2-i1-GGUF,,"[""transformers"", ""gguf"", ""en"", ""base_model:mudit23/Socratic-Qwen2.5-7B-v2"", ""base_model:quantized:mudit23/Socratic-Qwen2.5-7B-v2"", ""license:mit"", ""endpoints_compatible"", ""region:us"", ""imatrix"", ""conversational""]",27,1,2025-05-07 00:15:26+00:00,2025-07-10 09:35:01+00:00,,https://huggingface.co/mradermacher/Socratic-Qwen2.5-7B-v2-i1-GGUF,SOC 2,2025-09-03T14:06:51Z,,strong-signal query hit,mradermacher/Socratic-Qwen2.5-7B-v2-i1,,False,reject,empty_readme
Aayush61000/social-media-advisor-phi2-GGUF,Aayush61000,social-media-advisor-phi2-GGUF,,"[""gguf"", ""endpoints_compatible"", ""region:us""]",66,0,2025-05-07 06:34:22+00:00,2025-05-07 10:22:35+00:00,,https://huggingface.co/Aayush61000/social-media-advisor-phi2-GGUF,SOC 2,2025-09-03T14:06:51Z,,strong-signal query hit,Aayush61000/social-media-advisor-phi2,,False,reject,empty_readme
ai-and-society/Mistral-Small-24B-Instruct-2501-wanda-structured-2-4,ai-and-society,Mistral-Small-24B-Instruct-2501-wanda-structured-2-4,text-generation,"[""transformers"", ""safetensors"", ""mistral"", ""text-generation"", ""conversational"", ""arxiv:1910.09700"", ""autotrain_compatible"", ""text-generation-inference"", ""endpoints_compatible"", ""region:us""]",7,0,2025-05-07 12:17:40+00:00,2025-05-07 12:36:08+00:00,,https://huggingface.co/ai-and-society/Mistral-Small-24B-Instruct-2501-wanda-structured-2-4,SOC 2,2025-09-03T14:06:51Z,,strong-signal query hit,ai-and-society/Mistral-Small-24B-Instruct-2501-wanda-structured-2-4,,False,reject,empty_readme
gybran/social-media-emotion-model2,gybran,social-media-emotion-model2,text-classification,"[""transformers"", ""safetensors"", ""bert"", ""text-classification"", ""arxiv:1910.09700"", ""autotrain_compatible"", ""endpoints_compatible"", ""region:us""]",5,0,2025-05-07 17:06:01+00:00,2025-05-07 17:07:39+00:00,,https://huggingface.co/gybran/social-media-emotion-model2,SOC 2,2025-09-03T14:06:51Z,,strong-signal query hit,gybran/social-media-emotion-model2,,False,reject,empty_readme
shayanfirouzian/Qwen2.5-1.5B_SocialReasoning,shayanfirouzian,Qwen2.5-1.5B_SocialReasoning,text-generation,"[""transformers"", ""safetensors"", ""qwen2"", ""text-generation"", ""text-generation-inference"", ""unsloth"", ""trl"", ""conversational"", ""en"", ""license:apache-2.0"", ""autotrain_compatible"", ""endpoints_compatible"", ""region:us""]",13,0,2025-05-10 00:40:27+00:00,2025-07-21 15:08:01+00:00,,https://huggingface.co/shayanfirouzian/Qwen2.5-1.5B_SocialReasoning,SOC 2,2025-09-03T14:06:52Z,,strong-signal query hit,shayanfirouzian/Qwen2.5-1.5B_SocialReasoning,,False,reject,empty_readme
mradermacher/Socratic-Qwen2.5-32B-v3-GGUF,mradermacher,Socratic-Qwen2.5-32B-v3-GGUF,,"[""transformers"", ""gguf"", ""en"", ""base_model:mudit23/Socratic-Qwen2.5-32B-v3"", ""base_model:quantized:mudit23/Socratic-Qwen2.5-32B-v3"", ""endpoints_compatible"", ""region:us"", ""conversational""]",27,0,2025-05-12 03:22:24+00:00,2025-05-12 05:11:09+00:00,,https://huggingface.co/mradermacher/Socratic-Qwen2.5-32B-v3-GGUF,SOC 2,2025-09-03T14:06:52Z,,strong-signal query hit,mradermacher/Socratic-Qwen2.5-32B-v3,,False,reject,empty_readme
mradermacher/Socratic-Qwen2.5-32B-v3-i1-GGUF,mradermacher,Socratic-Qwen2.5-32B-v3-i1-GGUF,,"[""transformers"", ""gguf"", ""en"", ""base_model:mudit23/Socratic-Qwen2.5-32B-v3"", ""base_model:quantized:mudit23/Socratic-Qwen2.5-32B-v3"", ""endpoints_compatible"", ""region:us"", ""imatrix"", ""conversational""]",10,0,2025-05-12 04:10:00+00:00,2025-05-12 05:13:54+00:00,,https://huggingface.co/mradermacher/Socratic-Qwen2.5-32B-v3-i1-GGUF,SOC 2,2025-09-03T14:06:52Z,,strong-signal query hit,mradermacher/Socratic-Qwen2.5-32B-v3-i1,,False,reject,empty_readme
socks22/sdxl-wai-nsfw-illustriousv14,socks22,sdxl-wai-nsfw-illustriousv14,text-to-image,"[""diffusers"", ""safetensors"", ""arxiv:1910.09700"", ""autotrain_compatible"", ""endpoints_compatible"", ""diffusers:StableDiffusionXLPipeline"", ""region:us"", ""not-for-all-audiences""]",2,0,2025-05-14 21:38:18+00:00,2025-05-14 21:44:37+00:00,,https://huggingface.co/socks22/sdxl-wai-nsfw-illustriousv14,SOC 2,2025-09-03T14:06:52Z,,strong-signal query hit,socks22/sdxl-wai-nsfw-illustriousv14,,False,reject,empty_readme
kbtit25/Socratesax,kbtit25,Socratesax,,"[""region:us""]",0,0,2025-05-17 16:50:25+00:00,2025-05-17 16:51:35+00:00,,https://huggingface.co/kbtit25/Socratesax,SOC 2,2025-09-03T14:06:52Z,,strong-signal query hit,kbtit25/Socratesax,,False,reject,empty_readme
wandererupak/sockeye-en-de-demo-take-2,wandererupak,sockeye-en-de-demo-take-2,,"[""tensorboard"", ""region:us""]",0,0,2025-05-20 07:13:56+00:00,2025-05-20 07:15:58+00:00,,https://huggingface.co/wandererupak/sockeye-en-de-demo-take-2,SOC 2,2025-09-03T14:06:53Z,,strong-signal query hit,wandererupak/sockeye-en-de-demo-take-2,,False,reject,empty_readme
sochelloai/chello28M,sochelloai,chello28M,text-to-image,"[""diffusers"", ""flux"", ""lora"", ""replicate"", ""text-to-image"", ""en"", ""base_model:black-forest-labs/FLUX.1-dev"", ""base_model:adapter:black-forest-labs/FLUX.1-dev"", ""license:other"", ""region:us""]",0,0,2025-05-24 00:39:15+00:00,2025-05-24 01:04:57+00:00,,https://huggingface.co/sochelloai/chello28M,SOC 2,2025-09-03T14:06:53Z,,strong-signal query hit,sochelloai/chello28M,,False,reject,empty_readme
wandererupak/sockeye-en-de-demo-take-25k,wandererupak,sockeye-en-de-demo-take-25k,,"[""tensorboard"", ""region:us""]",0,0,2025-05-26 07:51:49+00:00,2025-05-26 07:59:05+00:00,,https://huggingface.co/wandererupak/sockeye-en-de-demo-take-25k,SOC 2,2025-09-03T14:06:53Z,,strong-signal query hit,wandererupak/sockeye-en-de-demo-take-25k,,False,reject,empty_readme
somosnlp-hackathon-2025/leia_preference_model_social_norms,somosnlp-hackathon-2025,leia_preference_model_social_norms,text-generation,"[""transformers"", ""safetensors"", ""llama"", ""text-generation"", ""conversational"", ""es"", ""autotrain_compatible"", ""text-generation-inference"", ""endpoints_compatible"", ""region:us""]",8,0,2025-06-01 20:32:35+00:00,2025-06-04 10:21:26+00:00,,https://huggingface.co/somosnlp-hackathon-2025/leia_preference_model_social_norms,SOC 2,2025-09-03T14:06:53Z,,strong-signal query hit,somosnlp-hackathon-2025/leia_preference_model_social_norms,,False,reject,empty_readme
cyouwa/poca-SoccerTwos-2e7,cyouwa,poca-SoccerTwos-2e7,,"[""region:us""]",0,0,2025-06-02 03:32:03+00:00,2025-06-02 03:32:04+00:00,,https://huggingface.co/cyouwa/poca-SoccerTwos-2e7,SOC 2,2025-09-03T14:06:53Z,,strong-signal query hit,cyouwa/poca-SoccerTwos-2e7,,False,reject,empty_readme
George067/poca-SoccerTwos-2,George067,poca-SoccerTwos-2,reinforcement-learning,"[""ml-agents"", ""onnx"", ""SoccerTwos"", ""deep-reinforcement-learning"", ""reinforcement-learning"", ""ML-Agents-SoccerTwos"", ""region:us""]",1,0,2025-06-06 17:28:52+00:00,2025-06-06 17:29:13+00:00,,https://huggingface.co/George067/poca-SoccerTwos-2,SOC 2,2025-09-03T14:06:54Z,,strong-signal query hit,George067/poca-SoccerTwos-2,,False,reject,empty_readme
buelfhood/CodeBERTa-small-v1-SOCO-Java-SoftmaxLoss-2,buelfhood,CodeBERTa-small-v1-SOCO-Java-SoftmaxLoss-2,sentence-similarity,"[""sentence-transformers"", ""safetensors"", ""roberta"", ""sentence-similarity"", ""feature-extraction"", ""generated_from_trainer"", ""dataset_size:30069"", ""loss:SoftmaxLoss"", ""dataset:buelfhood/SOCO_java"", ""arxiv:1908.10084"", ""base_model:huggingface/CodeBERTa-small-v1"", ""base_model:finetune:huggingface/CodeBERTa-small-v1"", ""autotrain_compatible"", ""text-embeddings-inference"", ""endpoints_compatible"", ""region:us""]",8,0,2025-06-09 12:35:09+00:00,2025-06-09 12:35:22+00:00,,https://huggingface.co/buelfhood/CodeBERTa-small-v1-SOCO-Java-SoftmaxLoss-2,SOC 2,2025-09-03T14:06:54Z,,strong-signal query hit,buelfhood/CodeBERTa-small-v1-SOCO-Java-SoftmaxLoss-2,,False,reject,empty_readme
Torkildef/SAM2_fintuned_soccerfield,Torkildef,SAM2_fintuned_soccerfield,,"[""license:apache-2.0"", ""region:us""]",0,0,2025-06-10 18:02:39+00:00,2025-06-10 18:08:21+00:00,,https://huggingface.co/Torkildef/SAM2_fintuned_soccerfield,SOC 2,2025-09-03T14:06:54Z,,strong-signal query hit,Torkildef/SAM2_fintuned_soccerfield,,False,reject,empty_readme
buelfhood/SOCO-Java-UnixCoder-Softmax-PairClass-VAST-ep2-bs32-noEval,buelfhood,SOCO-Java-UnixCoder-Softmax-PairClass-VAST-ep2-bs32-noEval,sentence-similarity,"[""sentence-transformers"", ""safetensors"", ""roberta"", ""sentence-similarity"", ""feature-extraction"", ""generated_from_trainer"", ""dataset_size:33411"", ""loss:SoftmaxLoss"", ""dataset:buelfhood/SOCO_TRAIN_java"", ""arxiv:1908.10084"", ""base_model:microsoft/unixcoder-base-unimodal"", ""base_model:finetune:microsoft/unixcoder-base-unimodal"", ""autotrain_compatible"", ""text-embeddings-inference"", ""endpoints_compatible"", ""region:us""]",6,0,2025-06-11 11:43:40+00:00,2025-06-11 11:44:03+00:00,,https://huggingface.co/buelfhood/SOCO-Java-UnixCoder-Softmax-PairClass-VAST-ep2-bs32-noEval,SOC 2,2025-09-03T14:06:54Z,,strong-signal query hit,buelfhood/SOCO-Java-UnixCoder-Softmax-PairClass-VAST-ep2-bs32-noEval,,False,reject,empty_readme
littledragon/so101_act_sock_stowing2,littledragon,so101_act_sock_stowing2,,"[""safetensors"", ""region:us""]",1,0,2025-06-15 03:59:59+00:00,2025-06-15 04:00:24+00:00,,https://huggingface.co/littledragon/so101_act_sock_stowing2,SOC 2,2025-09-03T14:06:54Z,,strong-signal query hit,littledragon/so101_act_sock_stowing2,,False,reject,empty_readme
LeRobot-worldwide-hackathon/256-Bearlovers_United-pick_up_black_and_white_sock_into_red_box_100,LeRobot-worldwide-hackathon,256-Bearlovers_United-pick_up_black_and_white_sock_into_red_box_100,,"[""safetensors"", ""region:us""]",3,0,2025-06-15 12:53:25+00:00,2025-06-15 14:26:13+00:00,,https://huggingface.co/LeRobot-worldwide-hackathon/256-Bearlovers_United-pick_up_black_and_white_sock_into_red_box_100,SOC 2,2025-09-03T14:06:55Z,,strong-signal query hit,LeRobot-worldwide-hackathon/256-Bearlovers_United-pick_up_black_and_white_sock_into_red_box_100,,False,reject,empty_readme
littledragon/act_ft_so101_sock_stowing2_boxes_60k,littledragon,act_ft_so101_sock_stowing2_boxes_60k,,"[""safetensors"", ""region:us""]",1,0,2025-06-15 19:55:01+00:00,2025-06-15 19:55:13+00:00,,https://huggingface.co/littledragon/act_ft_so101_sock_stowing2_boxes_60k,SOC 2,2025-09-03T14:06:55Z,,strong-signal query hit,littledragon/act_ft_so101_sock_stowing2_boxes_60k,,False,reject,empty_readme
hienhayho/qwen2.5_3b_sft_soc_v1_lo8_ep2,hienhayho,qwen2.5_3b_sft_soc_v1_lo8_ep2,,"[""safetensors"", ""qwen2"", ""region:us""]",7,0,2025-06-17 00:50:49+00:00,2025-06-17 00:57:43+00:00,,https://huggingface.co/hienhayho/qwen2.5_3b_sft_soc_v1_lo8_ep2,SOC 2,2025-09-03T14:06:55Z,,strong-signal query hit,hienhayho/qwen2.5_3b_sft_soc_v1_lo8_ep2,,False,reject,empty_readme
HelloWorld2307/social_bert5cdai_trans_tokenizer_twitter_roberta,HelloWorld2307,social_bert5cdai_trans_tokenizer_twitter_roberta,,"[""safetensors"", ""roberta"", ""region:us""]",7,0,2025-06-17 15:51:03+00:00,2025-06-17 15:57:34+00:00,,https://huggingface.co/HelloWorld2307/social_bert5cdai_trans_tokenizer_twitter_roberta,SOC 2,2025-09-03T14:06:55Z,,strong-signal query hit,HelloWorld2307/social_bert5cdai_trans_tokenizer_twitter_roberta,,False,reject,empty_readme
LLM-SocialMedia/ko_gemma2_korean_sentiment,LLM-SocialMedia,ko_gemma2_korean_sentiment,,"[""safetensors"", ""region:us""]",0,1,2025-06-19 09:42:58+00:00,2025-06-19 09:45:10+00:00,,https://huggingface.co/LLM-SocialMedia/ko_gemma2_korean_sentiment,SOC 2,2025-09-03T14:06:55Z,,strong-signal query hit,LLM-SocialMedia/ko_gemma2_korean_sentiment,,False,reject,empty_readme
amit-huggingface2/poca-SoccerTwos,amit-huggingface2,poca-SoccerTwos,reinforcement-learning,"[""ml-agents"", ""tensorboard"", ""onnx"", ""SoccerTwos"", ""deep-reinforcement-learning"", ""reinforcement-learning"", ""ML-Agents-SoccerTwos"", ""region:us""]",6,0,2025-06-23 23:28:32+00:00,2025-06-23 23:29:53+00:00,,https://huggingface.co/amit-huggingface2/poca-SoccerTwos,SOC 2,2025-09-03T14:06:56Z,,strong-signal query hit,amit-huggingface2/poca-SoccerTwos,,False,reject,empty_readme
Mohsen21/SOCIAL-GSTAT-en-model,Mohsen21,SOCIAL-GSTAT-en-model,token-classification,"[""transformers"", ""safetensors"", ""bert"", ""token-classification"", ""arxiv:1910.09700"", ""autotrain_compatible"", ""endpoints_compatible"", ""region:us""]",0,0,2025-06-24 13:22:00+00:00,2025-07-01 23:29:45+00:00,,https://huggingface.co/Mohsen21/SOCIAL-GSTAT-en-model,SOC 2,2025-09-03T14:06:56Z,,strong-signal query hit,Mohsen21/SOCIAL-GSTAT-en-model,,False,reject,empty_readme
Mohsen21/SOCIAL-GSTAT-en-mode,Mohsen21,SOCIAL-GSTAT-en-mode,,"[""transformers"", ""arxiv:1910.09700"", ""endpoints_compatible"", ""region:us""]",0,0,2025-06-24 13:22:39+00:00,2025-06-24 13:22:42+00:00,,https://huggingface.co/Mohsen21/SOCIAL-GSTAT-en-mode,SOC 2,2025-09-03T14:06:56Z,,strong-signal query hit,Mohsen21/SOCIAL-GSTAT-en-mode,,False,reject,empty_readme
matboz/socialismbettercaptialism_gemma-2-9b-it,matboz,socialismbettercaptialism_gemma-2-9b-it,,"[""peft"", ""safetensors"", ""arxiv:1910.09700"", ""base_model:google/gemma-2-9b-it"", ""base_model:adapter:google/gemma-2-9b-it"", ""region:us""]",3,0,2025-06-29 21:29:41+00:00,2025-06-29 21:38:28+00:00,,https://huggingface.co/matboz/socialismbettercaptialism_gemma-2-9b-it,SOC 2,2025-09-03T14:06:56Z,,strong-signal query hit,matboz/socialismbettercaptialism_gemma-2-9b-it,,False,reject,empty_readme
rllapin28/poca-SoccerTwos,rllapin28,poca-SoccerTwos,reinforcement-learning,"[""ml-agents"", ""tensorboard"", ""onnx"", ""SoccerTwos"", ""deep-reinforcement-learning"", ""reinforcement-learning"", ""ML-Agents-SoccerTwos"", ""region:us""]",1,0,2025-06-30 12:16:03+00:00,2025-06-30 12:16:46+00:00,,https://huggingface.co/rllapin28/poca-SoccerTwos,SOC 2,2025-09-03T14:06:57Z,,strong-signal query hit,rllapin28/poca-SoccerTwos,,False,reject,empty_readme
Mohsen21/GSTAT_SOCIAL_STATS_V2,Mohsen21,GSTAT_SOCIAL_STATS_V2,token-classification,"[""transformers"", ""safetensors"", ""bert"", ""token-classification"", ""arxiv:1910.09700"", ""autotrain_compatible"", ""endpoints_compatible"", ""region:us""]",321,0,2025-07-02 00:01:42+00:00,2025-07-02 00:02:20+00:00,,https://huggingface.co/Mohsen21/GSTAT_SOCIAL_STATS_V2,SOC 2,2025-09-03T14:06:57Z,,strong-signal query hit,Mohsen21/GSTAT_SOCIAL_STATS_V2,,False,reject,empty_readme
IreneBerezin/soci-270-model,IreneBerezin,soci-270-model,,"[""tensorboard"", ""safetensors"", ""region:us""]",0,0,2025-07-24 01:26:50+00:00,2025-07-24 04:18:19+00:00,,https://huggingface.co/IreneBerezin/soci-270-model,SOC 2,2025-09-03T14:06:57Z,,strong-signal query hit,IreneBerezin/soci-270-model,,False,reject,empty_readme
IreneBerezin/soci-280-model,IreneBerezin,soci-280-model,,"[""safetensors"", ""bert"", ""region:us""]",24,0,2025-07-24 04:31:05+00:00,2025-07-24 04:50:54+00:00,,https://huggingface.co/IreneBerezin/soci-280-model,SOC 2,2025-09-03T14:06:57Z,,strong-signal query hit,IreneBerezin/soci-280-model,,False,reject,empty_readme
Lakshya3/stylegan2-ada-socofing,Lakshya3,stylegan2-ada-socofing,,"[""region:us""]",0,0,2025-07-27 16:20:46+00:00,2025-07-27 16:20:46+00:00,,https://huggingface.co/Lakshya3/stylegan2-ada-socofing,SOC 2,2025-09-03T14:06:57Z,,strong-signal query hit,Lakshya3/stylegan2-ada-socofing,,False,reject,empty_readme
AMZ2004/poca-SoccerTwos_Edited,AMZ2004,poca-SoccerTwos_Edited,reinforcement-learning,"[""ml-agents"", ""onnx"", ""SoccerTwos"", ""deep-reinforcement-learning"", ""reinforcement-learning"", ""ML-Agents-SoccerTwos"", ""region:us""]",2,0,2025-08-03 21:07:25+00:00,2025-08-03 21:07:30+00:00,,https://huggingface.co/AMZ2004/poca-SoccerTwos_Edited,SOC 2,2025-09-03T14:06:58Z,,strong-signal query hit,AMZ2004/poca-SoccerTwos_Edited,,False,reject,empty_readme
lulu-2/poca-SoccerTwos,lulu-2,poca-SoccerTwos,reinforcement-learning,"[""ml-agents"", ""tensorboard"", ""onnx"", ""SoccerTwos"", ""deep-reinforcement-learning"", ""reinforcement-learning"", ""ML-Agents-SoccerTwos"", ""region:us""]",25,0,2025-08-12 04:03:17+00:00,2025-08-12 04:03:28+00:00,,https://huggingface.co/lulu-2/poca-SoccerTwos,SOC 2,2025-09-03T14:06:58Z,,strong-signal query hit,lulu-2/poca-SoccerTwos,,False,reject,empty_readme
tejas2710/falcon3-7b-socratic,tejas2710,falcon3-7b-socratic,,"[""transformers"", ""safetensors"", ""arxiv:1910.09700"", ""endpoints_compatible"", ""region:us""]",0,0,2025-08-16 11:02:29+00:00,2025-08-16 17:46:26+00:00,,https://huggingface.co/tejas2710/falcon3-7b-socratic,SOC 2,2025-09-03T14:06:58Z,,strong-signal query hit,tejas2710/falcon3-7b-socratic,,False,reject,empty_readme
Atusss/SocrativeLM-gemma3-270m-it-lora,Atusss,SocrativeLM-gemma3-270m-it-lora,,"[""peft"", ""safetensors"", ""arxiv:1910.09700"", ""base_model:unsloth/gemma-3-270m-it"", ""base_model:adapter:unsloth/gemma-3-270m-it"", ""region:us""]",28,0,2025-08-18 15:29:58+00:00,2025-08-18 15:41:14+00:00,,https://huggingface.co/Atusss/SocrativeLM-gemma3-270m-it-lora,SOC 2,2025-09-03T14:06:58Z,,strong-signal query hit,Atusss/SocrativeLM-gemma3-270m-it-lora,,False,reject,empty_readme
jmartin233/poca-SoccerTwos,jmartin233,poca-SoccerTwos,reinforcement-learning,"[""ml-agents"", ""tensorboard"", ""onnx"", ""SoccerTwos"", ""deep-reinforcement-learning"", ""reinforcement-learning"", ""ML-Agents-SoccerTwos"", ""region:us""]",12,0,2025-08-18 20:36:34+00:00,2025-08-18 20:36:37+00:00,,https://huggingface.co/jmartin233/poca-SoccerTwos,SOC 2,2025-09-03T14:06:58Z,,strong-signal query hit,jmartin233/poca-SoccerTwos,,False,reject,empty_readme
socj2363/blockassist-bc-wiry_quick_orangutan_1756023859,socj2363,blockassist-bc-wiry_quick_orangutan_1756023859,,"[""gensyn"", ""blockassist"", ""gensyn-blockassist"", ""minecraft"", ""wiry quick orangutan"", ""arxiv:2504.07091"", ""region:us""]",0,0,2025-08-24 08:24:55+00:00,2025-08-24 08:25:18+00:00,,https://huggingface.co/socj2363/blockassist-bc-wiry_quick_orangutan_1756023859,SOC 2,2025-09-03T14:06:59Z,,strong-signal query hit,socj2363/blockassist-bc-wiry_quick_orangutan_1756023859,,False,reject,empty_readme
Basti8499/bge-large-en-v1.5-ISO-27001,Basti8499,bge-large-en-v1.5-ISO-27001,sentence-similarity,"[""sentence-transformers"", ""safetensors"", ""bert"", ""feature-extraction"", ""sentence-similarity"", ""embeddings"", ""license:mit"", ""autotrain_compatible"", ""text-embeddings-inference"", ""endpoints_compatible"", ""region:us""]",12,1,2024-02-26 12:01:04+00:00,2024-03-21 08:00:35+00:00,,https://huggingface.co/Basti8499/bge-large-en-v1.5-ISO-27001,ISO 27001,2025-09-03T14:06:59Z,,strong-signal query hit,Basti8499/bge-large-en-v1.5-ISO-27001,,False,reject,empty_readme
JoTeq-Work/iso-27001-2022-emb,JoTeq-Work,iso-27001-2022-emb,feature-extraction,"[""transformers"", ""safetensors"", ""bert"", ""feature-extraction"", ""text-embeddings-inference"", ""endpoints_compatible"", ""region:us""]",3,1,2024-05-13 07:12:32+00:00,2024-05-13 08:21:01+00:00,,https://huggingface.co/JoTeq-Work/iso-27001-2022-emb,ISO 27001,2025-09-03T14:06:59Z,,strong-signal query hit,JoTeq-Work/iso-27001-2022-emb,,False,reject,empty_readme
swarnodipnag/model_gguf_llama_3_1_finetuned_iso27001_qa,swarnodipnag,model_gguf_llama_3_1_finetuned_iso27001_qa,,"[""transformers"", ""gguf"", ""llama"", ""text-generation-inference"", ""unsloth"", ""en"", ""license:apache-2.0"", ""endpoints_compatible"", ""region:us""]",42,0,2025-05-18 10:10:19+00:00,2025-05-18 10:17:48+00:00,,https://huggingface.co/swarnodipnag/model_gguf_llama_3_1_finetuned_iso27001_qa,ISO 27001,2025-09-03T14:07:00Z,,strong-signal query hit,swarnodipnag/model_gguf_llama_3_1_finetuned_iso27001_qa,,False,reject,empty_readme
swarnodipnag/model_vllm_llama_3_1_finetuned_iso27001_qa,swarnodipnag,model_vllm_llama_3_1_finetuned_iso27001_qa,text-generation,"[""transformers"", ""pytorch"", ""llama"", ""text-generation"", ""text-generation-inference"", ""unsloth"", ""trl"", ""sft"", ""en"", ""license:apache-2.0"", ""autotrain_compatible"", ""endpoints_compatible"", ""region:us""]",7,0,2025-05-18 10:20:33+00:00,2025-05-18 10:29:51+00:00,,https://huggingface.co/swarnodipnag/model_vllm_llama_3_1_finetuned_iso27001_qa,ISO 27001,2025-09-03T14:07:00Z,,strong-signal query hit,swarnodipnag/model_vllm_llama_3_1_finetuned_iso27001_qa,,False,reject,empty_readme
MalotruX86/iso27001-mistral-finetuned,MalotruX86,iso27001-mistral-finetuned,,"[""region:us""]",0,0,2025-05-20 20:30:47+00:00,2025-05-20 20:30:47+00:00,,https://huggingface.co/MalotruX86/iso27001-mistral-finetuned,ISO 27001,2025-09-03T14:07:00Z,,strong-signal query hit,MalotruX86/iso27001-mistral-finetuned,ISO 27001,False,reject,empty_readme
soxhwhat/my_awesome_food_model,soxhwhat,my_awesome_food_model,image-classification,"[""transformers"", ""pytorch"", ""tensorboard"", ""vit"", ""image-classification"", ""autotrain_compatible"", ""endpoints_compatible"", ""region:us""]",4,0,2023-05-22 06:27:22+00:00,2023-05-22 06:45:58+00:00,,https://huggingface.co/soxhwhat/my_awesome_food_model,SOX,2025-09-03T14:07:01Z,,strong-signal query hit,soxhwhat/my_awesome_food_model,,False,reject,empty_readme
tsuyuan/llama-7b-unit_sox_small_lr1e-3,tsuyuan,llama-7b-unit_sox_small_lr1e-3,,"[""region:us""]",0,0,2023-08-17 15:54:28+00:00,2023-08-17 15:54:28+00:00,,https://huggingface.co/tsuyuan/llama-7b-unit_sox_small_lr1e-3,SOX,2025-09-03T14:07:01Z,,strong-signal query hit,tsuyuan/llama-7b-unit_sox_small_lr1e-3,,False,reject,empty_readme
tsuyuan/llama-7b-unit_sox_small_test,tsuyuan,llama-7b-unit_sox_small_test,,"[""region:us""]",0,0,2023-08-18 09:30:20+00:00,2023-08-18 15:33:19+00:00,,https://huggingface.co/tsuyuan/llama-7b-unit_sox_small_test,SOX,2025-09-03T14:07:01Z,,strong-signal query hit,tsuyuan/llama-7b-unit_sox_small_test,,False,reject,empty_readme
Soxcr/Aniverse,Soxcr,Aniverse,,"[""license:creativeml-openrail-m"", ""region:us""]",0,0,2023-09-05 10:24:12+00:00,2023-09-15 23:27:12+00:00,,https://huggingface.co/Soxcr/Aniverse,SOX,2025-09-03T14:07:01Z,,strong-signal query hit,Soxcr/Aniverse,,False,reject,empty_readme
Bberry001/Bobby_Soxer_V2,Bberry001,Bobby_Soxer_V2,,"[""license:openrail"", ""region:us""]",0,0,2024-02-08 13:46:09+00:00,2024-02-08 13:48:12+00:00,,https://huggingface.co/Bberry001/Bobby_Soxer_V2,SOX,2025-09-03T14:07:02Z,,strong-signal query hit,Bberry001/Bobby_Soxer_V2,,False,reject,empty_readme
sit-justin/whisper-medium-seq-p2-moe-sox,sit-justin,whisper-medium-seq-p2-moe-sox,automatic-speech-recognition,"[""transformers"", ""tensorboard"", ""safetensors"", ""whisper"", ""automatic-speech-recognition"", ""generated_from_trainer"", ""zh"", ""dataset:custom_datset"", ""base_model:sit-justin/whisper-medium-p2-moe"", ""base_model:finetune:sit-justin/whisper-medium-p2-moe"", ""license:apache-2.0"", ""endpoints_compatible"", ""region:us""]",3,0,2024-07-24 02:15:18+00:00,2024-07-24 08:48:26+00:00,,https://huggingface.co/sit-justin/whisper-medium-seq-p2-moe-sox,SOX,2025-09-03T14:07:02Z,,strong-signal query hit,sit-justin/whisper-medium-seq-p2-moe-sox,SOX,True,reject,empty_readme
zarxces/soxzrzqwosgh,zarxces,soxzrzqwosgh,,"[""region:us""]",0,0,2024-10-16 23:41:12+00:00,2024-10-16 23:41:12+00:00,,https://huggingface.co/zarxces/soxzrzqwosgh,SOX,2025-09-03T14:07:02Z,,strong-signal query hit,zarxces/soxzrzqwosgh,,False,reject,empty_readme
Soxipe/ddd,Soxipe,ddd,,"[""region:us""]",0,0,2024-10-20 16:50:09+00:00,2024-10-20 16:50:09+00:00,,https://huggingface.co/Soxipe/ddd,SOX,2025-09-03T14:07:02Z,,strong-signal query hit,Soxipe/ddd,,False,reject,empty_readme
gnomon/hf_fedramp,gnomon,hf_fedramp,,"[""region:us""]",0,0,2023-12-09 15:14:44+00:00,2023-12-09 15:14:44+00:00,,https://huggingface.co/gnomon/hf_fedramp,FedRAMP,2025-09-03T14:07:03Z,,strong-signal query hit,gnomon/hf_fedramp,,False,reject,empty_readme
cpratim/lyric_model,cpratim,lyric_model,text-generation,"[""transformers"", ""pytorch"", ""gpt2"", ""text-generation"", ""autotrain_compatible"", ""text-generation-inference"", ""endpoints_compatible"", ""region:us""]",13,0,2023-05-04 21:49:29+00:00,2023-05-04 21:52:31+00:00,,https://huggingface.co/cpratim/lyric_model,CPRA,2025-09-03T14:07:05Z,,strong-signal query hit,cpratim/lyric_model,,False,reject,empty_readme
cpratikaki/blip2_finetuned_ucm_captions,cpratikaki,blip2_finetuned_ucm_captions,,"[""transformers"", ""safetensors"", ""arxiv:1910.09700"", ""endpoints_compatible"", ""region:us""]",0,0,2025-03-05 13:05:38+00:00,2025-03-05 13:05:52+00:00,,https://huggingface.co/cpratikaki/blip2_finetuned_ucm_captions,CPRA,2025-09-03T14:07:06Z,,strong-signal query hit,cpratikaki/blip2_finetuned_ucm_captions,,False,reject,empty_readme
cpratikaki/qwen2-7b-instruct-trl-sft-ChartQA,cpratikaki,qwen2-7b-instruct-trl-sft-ChartQA,,"[""region:us""]",0,0,2025-03-06 10:56:50+00:00,2025-03-06 10:56:52+00:00,,https://huggingface.co/cpratikaki/qwen2-7b-instruct-trl-sft-ChartQA,CPRA,2025-09-03T14:07:06Z,,strong-signal query hit,cpratikaki/qwen2-7b-instruct-trl-sft-ChartQA,,False,reject,empty_readme
wotihe/cancer_CprA35k,wotihe,cancer_CprA35k,,"[""onnx"", ""region:us""]",0,0,2025-03-14 22:24:41+00:00,2025-03-14 22:26:01+00:00,,https://huggingface.co/wotihe/cancer_CprA35k,CPRA,2025-09-03T14:07:06Z,,strong-signal query hit,wotihe/cancer_CprA35k,,False,reject,empty_readme
cpratikaki/qwen25-7b-instruct-testset,cpratikaki,qwen25-7b-instruct-testset,,"[""transformers"", ""safetensors"", ""generated_from_trainer"", ""trl"", ""sft"", ""base_model:Qwen/Qwen2.5-VL-3B-Instruct"", ""base_model:finetune:Qwen/Qwen2.5-VL-3B-Instruct"", ""endpoints_compatible"", ""region:us""]",0,0,2025-03-17 13:12:08+00:00,2025-03-17 13:40:07+00:00,,https://huggingface.co/cpratikaki/qwen25-7b-instruct-testset,CPRA,2025-09-03T14:07:06Z,,strong-signal query hit,cpratikaki/qwen25-7b-instruct-testset,,False,reject,empty_readme
cpratikaki/qwen25-7b-instruct-testset-fine,cpratikaki,qwen25-7b-instruct-testset-fine,,"[""transformers"", ""safetensors"", ""generated_from_trainer"", ""trl"", ""sft"", ""base_model:Qwen/Qwen2.5-VL-7B-Instruct"", ""base_model:finetune:Qwen/Qwen2.5-VL-7B-Instruct"", ""endpoints_compatible"", ""region:us""]",0,0,2025-03-17 15:06:02+00:00,2025-03-31 12:42:05+00:00,,https://huggingface.co/cpratikaki/qwen25-7b-instruct-testset-fine,CPRA,2025-09-03T14:07:07Z,,strong-signal query hit,cpratikaki/qwen25-7b-instruct-testset-fine,,False,reject,empty_readme
cpratikaki/qwen25-3b-instruct-trl-sft-qa-hr,cpratikaki,qwen25-3b-instruct-trl-sft-qa-hr,,"[""transformers"", ""safetensors"", ""generated_from_trainer"", ""trl"", ""sft"", ""base_model:Qwen/Qwen2-VL-7B-Instruct"", ""base_model:finetune:Qwen/Qwen2-VL-7B-Instruct"", ""endpoints_compatible"", ""region:us""]",0,0,2025-03-17 15:23:22+00:00,2025-04-08 09:36:35+00:00,,https://huggingface.co/cpratikaki/qwen25-3b-instruct-trl-sft-qa-hr,CPRA,2025-09-03T14:07:07Z,,strong-signal query hit,cpratikaki/qwen25-3b-instruct-trl-sft-qa-hr,,False,reject,empty_readme
cpratikaki/qwen25-7b-instruct-testset-fine2,cpratikaki,qwen25-7b-instruct-testset-fine2,,"[""transformers"", ""safetensors"", ""generated_from_trainer"", ""trl"", ""sft"", ""base_model:Qwen/Qwen2.5-VL-7B-Instruct"", ""base_model:finetune:Qwen/Qwen2.5-VL-7B-Instruct"", ""endpoints_compatible"", ""region:us""]",0,0,2025-03-20 14:55:24+00:00,2025-03-21 13:01:33+00:00,,https://huggingface.co/cpratikaki/qwen25-7b-instruct-testset-fine2,CPRA,2025-09-03T14:07:07Z,,strong-signal query hit,cpratikaki/qwen25-7b-instruct-testset-fine2,,False,reject,empty_readme
cpratikaki/qwen25-7b-instruct-testset-fine-21-03,cpratikaki,qwen25-7b-instruct-testset-fine-21-03,,"[""transformers"", ""safetensors"", ""generated_from_trainer"", ""trl"", ""sft"", ""base_model:Qwen/Qwen2.5-VL-7B-Instruct"", ""base_model:finetune:Qwen/Qwen2.5-VL-7B-Instruct"", ""endpoints_compatible"", ""region:us""]",0,0,2025-03-21 16:01:38+00:00,2025-03-22 18:28:12+00:00,,https://huggingface.co/cpratikaki/qwen25-7b-instruct-testset-fine-21-03,CPRA,2025-09-03T14:07:07Z,,strong-signal query hit,cpratikaki/qwen25-7b-instruct-testset-fine-21-03,,False,reject,empty_readme
cpratikaki/qwen25-7b-instruct-testset-fine-01-04,cpratikaki,qwen25-7b-instruct-testset-fine-01-04,,"[""safetensors"", ""region:us""]",0,0,2025-04-01 08:52:48+00:00,2025-04-02 04:21:43+00:00,,https://huggingface.co/cpratikaki/qwen25-7b-instruct-testset-fine-01-04,CPRA,2025-09-03T14:07:07Z,,strong-signal query hit,cpratikaki/qwen25-7b-instruct-testset-fine-01-04,,False,reject,empty_readme
cpratikaki/qwen25-7b-instruct-testset-fine-08-04,cpratikaki,qwen25-7b-instruct-testset-fine-08-04,,"[""region:us""]",0,0,2025-04-08 12:09:25+00:00,2025-04-08 12:09:28+00:00,,https://huggingface.co/cpratikaki/qwen25-7b-instruct-testset-fine-08-04,CPRA,2025-09-03T14:07:08Z,,strong-signal query hit,cpratikaki/qwen25-7b-instruct-testset-fine-08-04,,False,reject,empty_readme
cprat/ppo-LunarLander-v2,cprat,ppo-LunarLander-v2,reinforcement-learning,"[""stable-baselines3"", ""LunarLander-v2"", ""deep-reinforcement-learning"", ""reinforcement-learning"", ""model-index"", ""region:us""]",10,0,2025-08-11 16:16:16+00:00,2025-08-11 16:16:35+00:00,,https://huggingface.co/cprat/ppo-LunarLander-v2,CPRA,2025-09-03T14:07:08Z,,strong-signal query hit,cprat/ppo-LunarLander-v2,,False,reject,empty_readme
cprat/q-FrozenLake-v1-4x4-noSlippery,cprat,q-FrozenLake-v1-4x4-noSlippery,reinforcement-learning,"[""FrozenLake-v1-4x4-no_slippery"", ""q-learning"", ""reinforcement-learning"", ""custom-implementation"", ""model-index"", ""region:us""]",0,0,2025-08-11 16:40:48+00:00,2025-08-11 16:40:51+00:00,,https://huggingface.co/cprat/q-FrozenLake-v1-4x4-noSlippery,CPRA,2025-09-03T14:07:08Z,,strong-signal query hit,cprat/q-FrozenLake-v1-4x4-noSlippery,,False,reject,empty_readme
cprat/Taxi-v3,cprat,Taxi-v3,reinforcement-learning,"[""Taxi-v3"", ""q-learning"", ""reinforcement-learning"", ""custom-implementation"", ""model-index"", ""region:us""]",0,0,2025-08-11 16:46:06+00:00,2025-08-11 16:46:10+00:00,,https://huggingface.co/cprat/Taxi-v3,CPRA,2025-09-03T14:07:08Z,,strong-signal query hit,cprat/Taxi-v3,,False,reject,empty_readme
cprat/dqn-SpaceInvadersNoFrameskip-v4,cprat,dqn-SpaceInvadersNoFrameskip-v4,reinforcement-learning,"[""stable-baselines3"", ""SpaceInvadersNoFrameskip-v4"", ""deep-reinforcement-learning"", ""reinforcement-learning"", ""model-index"", ""region:us""]",17,0,2025-08-11 17:12:25+00:00,2025-08-11 17:12:53+00:00,,https://huggingface.co/cprat/dqn-SpaceInvadersNoFrameskip-v4,CPRA,2025-09-03T14:07:08Z,,strong-signal query hit,cprat/dqn-SpaceInvadersNoFrameskip-v4,,False,reject,empty_readme
cprat/Reinforce-unit4,cprat,Reinforce-unit4,reinforcement-learning,"[""CartPole-v1"", ""reinforce"", ""reinforcement-learning"", ""custom-implementation"", ""deep-rl-class"", ""model-index"", ""region:us""]",0,0,2025-08-13 17:00:17+00:00,2025-08-13 17:10:24+00:00,,https://huggingface.co/cprat/Reinforce-unit4,CPRA,2025-09-03T14:07:09Z,,strong-signal query hit,cprat/Reinforce-unit4,,False,reject,empty_readme
cprat/Reinforce-PixelCopter,cprat,Reinforce-PixelCopter,reinforcement-learning,"[""Pixelcopter-PLE-v0"", ""reinforce"", ""reinforcement-learning"", ""custom-implementation"", ""deep-rl-class"", ""model-index"", ""region:us""]",0,0,2025-08-13 18:02:11+00:00,2025-08-13 18:02:38+00:00,,https://huggingface.co/cprat/Reinforce-PixelCopter,CPRA,2025-09-03T14:07:09Z,,strong-signal query hit,cprat/Reinforce-PixelCopter,,False,reject,empty_readme
